Workbook

Sheet Geral
E4: EQUIPE | F4: REDE | G4: Q1 - JULHO A SETEMBRO 2025 | L4: JULHO | Q4: AGOSTO | V4: SETEMBRO | AA4: Q2 - OUTUBRO A DEZEMBRO 2025 | AF4: OUTUBRO | AK4: NOVEMBRO | AP4: DEZEMBRO | AU4: Q3 - JANEIRO A MARÇO 2026 | AZ4: JANEIRO | BE4: FEVEREIRO | BJ4: MARÇO | BO4: Q4 - ABRIL A JUNHO 2026 | BT4: ABRIL | BY4: MAIO | CD4: JUNHO
G5: LOJAS | H5: AUDITADA | I5: % | J5: GAP | K5: MÉDIA | L5: LOJAS | M5: AUDITADA | N5: % | O5: GAP | P5: MÉDIA | Q5: LOJAS | R5: AUDITADA | S5: % | T5: GAP | U5: MÉDIA | V5: LOJAS | W5: AUDITADA | X5: % | Y5: GAP | Z5: MÉDIA | AA5: LOJAS | AB5: AUDITADA | AC5: % | AD5: GAP | AE5: MÉDIA | AF5: LOJAS | AG5: AUDITADA | AH5: % | AI5: GAP | AJ5: MÉDIA | AK5: LOJAS | AL5: AUDITADA | AM5: % | AN5: GAP | AO5: MÉDIA | AP5: LOJAS | AQ5: AUDITADA | AR5: % | AS5: GAP | AT5: MÉDIA | AU5: LOJAS | AV5: AUDITADA | AW5: % | AX5: GAP | AY5: MÉDIA | AZ5: LOJAS | BA5: AUDITADA | BB5: % | BC5: GAP | BD5: MÉDIA | BE5: LOJAS | BF5: AUDITADA | BG5: % | BH5: GAP | BI5: MÉDIA | BJ5: LOJAS | BK5: AUDITADA | BL5: % | BM5: GAP | BN5: MÉDIA | BO5: LOJAS | BP5: AUDITADA | BQ5: % | BR5: GAP | BS5: MÉDIA | BT5: LOJAS | BU5: AUDITADA | BV5: % | BW5: GAP | BX5: MÉDIA | BY5: LOJAS | BZ5: AUDITADA | CA5: % | CB5: GAP | CC5: MÉDIA | CD5: LOJAS | CE5: AUDITADA | CF5: % | CG5: GAP | CH5: MÉDIA
E6: FLP-SUL MC/KA D | F6: =SUMIF($B:$B,$E6,$F:$F) -> 8 | G6: =COUNTIF(Cliente!$B:$B,Geral!$E6) -> 33 | H6: =SUMIF($B:$B,$E6,H:H) -> 24 | I6: =IFERROR(H6/G6,0) -> 0.72727273 | J6: =H6-G6 -> -9 | K6: =IFERROR(AVERAGEIFS(Cliente!$L:$L,Cliente!$B:$B,Geral!$E6,Cliente!$L:$L,">0"),0) -> 58.243131 | L6: =COUNTIF(Cliente!$B:$B,Geral!$E6) -> 33 | M6: =SUMIF($B:$B,$E6,M:M) -> 29 | N6: =IFERROR(M6/L6,0) -> 0.87878788 | O6: =M6-L6 -> -4 | P6: =IFERROR(AVERAGEIFS(Cliente!$S:$S,Cliente!$B:$B,Geral!$E6,Cliente!$S:$S,">0"),0) -> 55.799828 | Q6: =COUNTIF(Cliente!$B:$B,Geral!$E6) -> 33 | R6: =SUMIF($B:$B,$E6,R:R) -> 31 | S6: =IFERROR(R6/Q6,0) -> 0.93939394 | T6: =R6-Q6 -> -2 | U6: =IFERROR(AVERAGEIFS(Cliente!$Y:$Y,Cliente!$B:$B,Geral!$E6,Cliente!$Y:$Y,">0"),0) -> 62.550968 | V6: =COUNTIF(Cliente!$B:$B,Geral!$E6) -> 33 | W6: =SUMIF($B:$B,$E6,W:W) -> 30 | X6: =IFERROR(W6/V6,0) -> 0.90909091 | Y6: =W6-V6 -> -3 | Z6: =IFERROR(AVERAGEIFS(Cliente!$AE:$AE,Cliente!$B:$B,Geral!$E6,Cliente!$AE:$AE,">0"),0) -> 73.6265 | AA6: =COUNTIF(Cliente!$B:$B,Geral!$E6) -> 33 | AB6: =SUMIF($B:$B,$E6,AB:AB) -> 15 | AC6: =IFERROR(AB6/AA6,0) -> 0.45454545 | AD6: =AB6-AA6 -> -18 | AE6: =IFERROR(AVERAGEIFS(Cliente!$AG:$AG,Cliente!$B:$B,Geral!$E6,Cliente!$AG:$AG,">0"),0) -> 48.03125 | AF6: =COUNTIF(Cliente!$B:$B,Geral!$E6) -> 33 | AG6: =SUMIF($B:$B,$E6,AG:AG) -> 26 | AH6: =AG6/AF6 -> 0.78787879 | AI6: =AG6-AF6 -> -7 | AJ6: =IFERROR(AVERAGEIFS(Cliente!$AN:$AN,Cliente!$B:$B,Geral!$E6,Cliente!$AN:$AN,">0"),0) -> 62.235192 | AK6: =COUNTIF(Cliente!$B:$B,Geral!$E6) -> 33 | AL6: =SUMIF($B:$B,$E6,AL:AL) -> 21 | AM6: =AL6/AK6 -> 0.63636364 | AN6: =AL6-AK6 -> -12 | AO6: =IFERROR(AVERAGEIFS(Cliente!$AU:$AU,Cliente!$B:$B,Geral!$E6,Cliente!$AU:$AU,">0"),0) -> 63.68381 | AP6: =COUNTIF(Cliente!$B:$B,Geral!$E6) -> 33 | AQ6: =SUMIF($B:$B,$E6,AQ:AQ) -> 25 | AR6: =AQ6/AP6 -> 0.75757576 | AS6: =AQ6-AP6 -> -8 | AT6: =IFERROR(AVERAGEIFS(Cliente!$BB:$BB,Cliente!$B:$B,Geral!$E6,Cliente!$BB:$BB,">0"),0) -> 66.221 | AU6: =COUNTIF(Cliente!$B:$B,Geral!$E6) -> 33 | AV6: =SUMIF($B:$B,$E6,AV:AV) -> 22 | AW6: =IFERROR(AV6/AU6,0) -> 0.66666667 | AX6: =AV6-AU6 -> -11 | AY6: =AVERAGE(BD6,BI6,BN6) -> 80.644477 | AZ6: =COUNTIF(Cliente!$B:$B,Geral!$E6) -> 33 | BA6: =SUMIF($B:$B,$E6,BA:BA) -> 29 | BB6: =BA6/AZ6 -> 0.87878788 | BC6: =BA6-AZ6 -> -4 | BD6: =IFERROR(AVERAGEIFS(Cliente!$BL:$BL,Cliente!$B:$B,Geral!$E6,Cliente!$BL:$BL,">0"),0) -> 72.16431 | BE6: =COUNTIF(Cliente!$B:$B,Geral!$E6) -> 33 | BF6: =SUMIF($B:$B,$E6,BF:BF) -> 28 | BG6: =BF6/BE6 -> 0.84848485 | BH6: =BF6-BE6 -> -5 | BI6: =IFERROR(AVERAGEIFS(Cliente!$BS:$BS,Cliente!$B:$B,Geral!$E6,Cliente!$BS:$BS,">0"),0) -> 85.796429 | BJ6: =COUNTIF(Cliente!$B:$B,Geral!$E6) -> 33 | BK6: =SUMIF($B:$B,$E6,BK:BK) -> 26 | BL6: =BK6/BJ6 -> 0.78787879 | BM6: =BK6-BJ6 -> -7 | BN6: =IFERROR(AVERAGEIFS(Cliente!$BZ:$BZ,Cliente!$B:$B,Geral!$E6,Cliente!$BZ:$BZ,">0"),0) -> 83.972692 | BO6: =COUNTIF(Cliente!$B:$B,Geral!$E6) -> 33 | BP6: =SUMIF($B:$B,$E6,BP:BP) -> 19 | BQ6: =IFERROR(BP6/BO6,0) -> 0.57575758 | BR6: =BP6-BO6 -> -14 | BS6: =IFERROR(AVERAGEIFS(Cliente!$CB:$CB,Cliente!$B:$B,Geral!$E6,Cliente!$CB:$CB,">0"),0) -> 79.3875 | BT6: =COUNTIF(Cliente!$B:$B,Geral!$E6) -> 33 | BU6: =SUMIF($B:$B,$E6,BU:BU) -> 25 | BV6: =BU6/BT6 -> 0.75757576 | BW6: =BU6-BT6 -> -8 | BX6: =IFERROR(AVERAGEIFS(Cliente!$CL:$CL,Cliente!$B:$B,Geral!$E6,Cliente!$CL:$CL,">0"),0) -> 86.998 | BY6: =COUNTIF(Cliente!$B:$B,Geral!$E6) -> 33 | BZ6: =SUMIF($B:$B,$E6,BZ:BZ) -> 25 | CA6: =BZ6/BY6 -> 0.75757576 | CB6: =BZ6-BY6 -> -8 | CC6: =IFERROR(AVERAGEIFS(Cliente!$CU:$CU,Cliente!$B:$B,Geral!$E6,Cliente!$CU:$CU,">0"),0) -> 90.864 | CD6: =COUNTIF(Cliente!$B:$B,Geral!$E6) -> 33 | CE6: =SUMIF($B:$B,$E6,CE:CE) -> 20 | CF6: =CE6/CD6 -> 0.60606061 | CG6: =CE6-CD6 -> -13 | CH6: =IFERROR(AVERAGEIFS(Cliente!$DD:$DD,Cliente!$B:$B,Geral!$E6,Cliente!$DD:$DD,">0"),0) -> 87.28375
E7: NORTE MC/KA D | F7: =SUMIF($B:$B,$E7,$F:$F) -> 6 | G7: =COUNTIF(Cliente!$B:$B,Geral!$E7) -> 38 | H7: =SUMIF($B:$B,$E7,H:H) -> 34 | I7: =IFERROR(H7/G7,0) -> 0.89473684 | J7: =H7-G7 -> -4 | K7: =IFERROR(AVERAGEIFS(Cliente!$L:$L,Cliente!$B:$B,Geral!$E7,Cliente!$L:$L,">0"),0) -> 68.65261 | L7: =COUNTIF(Cliente!$B:$B,Geral!$E7) -> 38 | M7: =SUMIF($B:$B,$E7,M:M) -> 38 | N7: =IFERROR(M7/L7,0) -> 1 | O7: =M7-L7 -> 0 | P7: =IFERROR(AVERAGEIFS(Cliente!$S:$S,Cliente!$B:$B,Geral!$E7,Cliente!$S:$S,">0"),0) -> 66.205461 | Q7: =COUNTIF(Cliente!$B:$B,Geral!$E7) -> 38 | R7: =SUMIF($B:$B,$E7,R:R) -> 34 | S7: =IFERROR(R7/Q7,0) -> 0.89473684 | T7: =R7-Q7 -> -4 | U7: =IFERROR(AVERAGEIFS(Cliente!$Y:$Y,Cliente!$B:$B,Geral!$E7,Cliente!$Y:$Y,">0"),0) -> 69.305588 | V7: =COUNTIF(Cliente!$B:$B,Geral!$E7) -> 38 | W7: =SUMIF($B:$B,$E7,W:W) -> 38 | X7: =IFERROR(W7/V7,0) -> 1 | Y7: =W7-V7 -> 0 | Z7: =IFERROR(AVERAGEIFS(Cliente!$AE:$AE,Cliente!$B:$B,Geral!$E7,Cliente!$AE:$AE,">0"),0) -> 77.742105 | AA7: =COUNTIF(Cliente!$B:$B,Geral!$E7) -> 38 | AB7: =SUMIF($B:$B,$E7,AB:AB) -> 32 | AC7: =IFERROR(AB7/AA7,0) -> 0.84210526 | AD7: =AB7-AA7 -> -6 | AE7: =IFERROR(AVERAGEIFS(Cliente!$AG:$AG,Cliente!$B:$B,Geral!$E7,Cliente!$AG:$AG,">0"),0) -> 62.276404 | AF7: =COUNTIF(Cliente!$B:$B,Geral!$E7) -> 38 | AG7: =SUMIF($B:$B,$E7,AG:AG) -> 32 | AH7: =AG7/AF7 -> 0.84210526 | AI7: =AG7-AF7 -> -6 | AJ7: =IFERROR(AVERAGEIFS(Cliente!$AN:$AN,Cliente!$B:$B,Geral!$E7,Cliente!$AN:$AN,">0"),0) -> 62.924219 | AK7: =COUNTIF(Cliente!$B:$B,Geral!$E7) -> 38 | AL7: =SUMIF($B:$B,$E7,AL:AL) -> 38 | AM7: =AL7/AK7 -> 1 | AN7: =AL7-AK7 -> 0 | AO7: =IFERROR(AVERAGEIFS(Cliente!$AU:$AU,Cliente!$B:$B,Geral!$E7,Cliente!$AU:$AU,">0"),0) -> 59.748026 | AP7: =COUNTIF(Cliente!$B:$B,Geral!$E7) -> 38 | AQ7: =SUMIF($B:$B,$E7,AQ:AQ) -> 38 | AR7: =AQ7/AP7 -> 1 | AS7: =AQ7-AP7 -> 0 | AT7: =IFERROR(AVERAGEIFS(Cliente!$BB:$BB,Cliente!$B:$B,Geral!$E7,Cliente!$BB:$BB,">0"),0) -> 74.092368 | AU7: =COUNTIF(Cliente!$B:$B,Geral!$E7) -> 38 | AV7: =SUMIF($B:$B,$E7,AV:AV) -> 28 | AW7: =IFERROR(AV7/AU7,0) -> 0.73684211 | AX7: =AV7-AU7 -> -10 | AY7: =AVERAGE(BD7,BI7,BN7) -> 81.455104 | AZ7: =COUNTIF(Cliente!$B:$B,Geral!$E7) -> 38 | BA7: =SUMIF($B:$B,$E7,BA:BA) -> 34 | BB7: =BA7/AZ7 -> 0.89473684 | BC7: =BA7-AZ7 -> -4 | BD7: =IFERROR(AVERAGEIFS(Cliente!$BL:$BL,Cliente!$B:$B,Geral!$E7,Cliente!$BL:$BL,">0"),0) -> 72.031324 | BE7: =COUNTIF(Cliente!$B:$B,Geral!$E7) -> 38 | BF7: =SUMIF($B:$B,$E7,BF:BF) -> 30 | BG7: =BF7/BE7 -> 0.78947368 | BH7: =BF7-BE7 -> -8 | BI7: =IFERROR(AVERAGEIFS(Cliente!$BS:$BS,Cliente!$B:$B,Geral!$E7,Cliente!$BS:$BS,">0"),0) -> 82.706333 | BJ7: =COUNTIF(Cliente!$B:$B,Geral!$E7) -> 38 | BK7: =SUMIF($B:$B,$E7,BK:BK) -> 32 | BL7: =BK7/BJ7 -> 0.84210526 | BM7: =BK7-BJ7 -> -6 | BN7: =IFERROR(AVERAGEIFS(Cliente!$BZ:$BZ,Cliente!$B:$B,Geral!$E7,Cliente!$BZ:$BZ,">0"),0) -> 89.627656 | BO7: =COUNTIF(Cliente!$B:$B,Geral!$E7) -> 38 | BP7: =SUMIF($B:$B,$E7,BP:BP) -> 11 | BQ7: =IFERROR(BP7/BO7,0) -> 0.28947368 | BR7: =BP7-BO7 -> -27 | BS7: =IFERROR(AVERAGEIFS(Cliente!$CB:$CB,Cliente!$B:$B,Geral!$E7,Cliente!$CB:$CB,">0"),0) -> 66.031481 | BT7: =COUNTIF(Cliente!$B:$B,Geral!$E7) -> 38 | BU7: =SUMIF($B:$B,$E7,BU:BU) -> 33 | BV7: =BU7/BT7 -> 0.86842105 | BW7: =BU7-BT7 -> -5 | BX7: =IFERROR(AVERAGEIFS(Cliente!$CL:$CL,Cliente!$B:$B,Geral!$E7,Cliente!$CL:$CL,">0"),0) -> 89.071515 | BY7: =COUNTIF(Cliente!$B:$B,Geral!$E7) -> 38 | BZ7: =SUMIF($B:$B,$E7,BZ:BZ) -> 32 | CA7: =BZ7/BY7 -> 0.84210526 | CB7: =BZ7-BY7 -> -6 | CC7: =IFERROR(AVERAGEIFS(Cliente!$CU:$CU,Cliente!$B:$B,Geral!$E7,Cliente!$CU:$CU,">0"),0) -> 89.534063 | CD7: =COUNTIF(Cliente!$B:$B,Geral!$E7) -> 38 | CE7: =SUMIF($B:$B,$E7,CE:CE) -> 14 | CF7: =CE7/CD7 -> 0.36842105 | CG7: =CE7-CD7 -> -24 | CH7: =IFERROR(AVERAGEIFS(Cliente!$DD:$DD,Cliente!$B:$B,Geral!$E7,Cliente!$DD:$DD,">0"),0) -> 94.782143
E8: TT | F8: =SUM(F6:F7) -> 14 | G8: =SUM(G6:G7) -> 71 | H8: =SUM(H6:H7) -> 58 | I8: =IFERROR(H8/G8,0) -> 0.81690141 | J8: =H8-G8 -> -13 | K8: =Cliente!$L$2 -> 63.814401 | L8: =SUM(L6:L7) -> 71 | M8: =SUM(M6:M7) -> 67 | N8: =M8/L8 -> 0.94366197 | O8: =M8-L8 -> -4 | P8: =Cliente!$S$2 -> 61.70153 | Q8: =SUM(Q6:Q7) -> 71 | R8: =SUM(R6:R7) -> 65 | S8: =R8/Q8 -> 0.91549296 | T8: =R8-Q8 -> -6 | U8: =Cliente!$Y$2 -> 65.5923 | V8: =SUM(V6:V7) -> 71 | W8: =SUM(W6:W7) -> 68 | X8: =W8/V8 -> 0.95774648 | Y8: =W8-V8 -> -3 | Z8: =Cliente!$AE$2 -> 75.672451 | AA8: =SUM(AA6:AA7) -> 71 | AB8: =SUM(AB6:AB7) -> 47 | AC8: =IFERROR(AB8/AA8,0) -> 0.66197183 | AD8: =AB8-AA8 -> -24 | AE8: =Cliente!AG2 -> 52.335566 | AF8: =SUM(AF6:AF7) -> 71 | AG8: =SUM(AG6:AG7) -> 58 | AH8: =AG8/AF8 -> 0.81690141 | AI8: =AG8-AF8 -> -13 | AJ8: 80.4 | AK8: =SUM(AK6:AK7) -> 71 | AL8: =SUM(AL6:AL7) -> 59 | AM8: =AL8/AK8 -> 0.83098592 | AN8: =AL8-AK8 -> -12 | AO8: 80.4 | AP8: =SUM(AP6:AP7) -> 71 | AQ8: =SUM(AQ6:AQ7) -> 63 | AR8: =AQ8/AP8 -> 0.88732394 | AS8: =AQ8-AP8 -> -8 | AT8: =Cliente!$BB$2 -> 69.654891 | AU8: =SUM(AU6:AU7) -> 71 | AV8: =SUM(AV6:AV7) -> 50 | AW8: =IFERROR(AV8/AU8,0) -> 0.70422535 | AX8: =AV8-AU8 -> -21 | AY8: =AVERAGE(BD8,BI8,BN8) -> 81.127772 | AZ8: =SUM(AZ6:AZ7) -> 71 | BA8: =SUM(BA6:BA7) -> 63 | BB8: =BA8/AZ8 -> 0.88732394 | BC8: =BA8-AZ8 -> -8 | BD8: =Cliente!$BL$2 -> 72.09254 | BE8: =SUM(BE6:BE7) -> 71 | BF8: =SUM(BF6:BF7) -> 58 | BG8: =BF8/BE8 -> 0.81690141 | BH8: =BF8-BE8 -> -13 | BI8: =Cliente!$BS$2 -> 84.198103 | BJ8: =SUM(BJ6:BJ7) -> 71 | BK8: =SUM(BK6:BK7) -> 58 | BL8: =BK8/BJ8 -> 0.81690141 | BM8: =BK8-BJ8 -> -13 | BN8: =Cliente!$BZ$2 -> 87.092672 | BO8: =SUM(BO6:BO7) -> 71 | BP8: =SUM(BP6:BP7) -> 30 | BQ8: =IFERROR(BP8/BO8,0) -> 0.42253521 | BR8: =BP8-BO8 -> -41 | BS8: =Cliente!$CB$2 -> 89.555484 | BT8: =SUM(BT6:BT7) -> 71 | BU8: =SUM(BU6:BU7) -> 58 | BV8: =BU8/BT8 -> 0.81690141 | BW8: =BU8-BT8 -> -13 | BX8: =Cliente!$CL$2 -> 88.177759 | BY8: =SUM(BY6:BY7) -> 71 | BZ8: =SUM(BZ6:BZ7) -> 57 | CA8: =BZ8/BY8 -> 0.8028169 | CB8: =BZ8-BY8 -> -14 | CC8: =Cliente!$CU$2 -> 90.117368 | CD8: =SUM(CD6:CD7) -> 71 | CE8: =SUM(CE6:CE7) -> 34 | CF8: =CE8/CD8 -> 0.47887324 | CG8: =CE8-CD8 -> -37 | CH8: =Cliente!$DD$2 -> 90.371324
E9: ATUALIZADO:
E10: 46191
B13: JOHNSON - LOJA PERFEITA 360 | F13: REDE | G13: Q1 - JULHO A SETEMBRO 2025 | L13: JULHO | Q13: AGOSTO | V13: SETEMBRO | AA13: Q2 - OUTUBRO A DEZEMBRO 2025 | AF13: OUTUBRO | AK13: NOVEMBRO | AP13: DEZEMBRO | AU13: Q3 - JANEIRO A MARÇO 2026 | AZ13: JANEIRO | BE13: FEVEREIRO | BJ13: MARÇO | BO13: Q4 - ABRIL A JUNHO 2025 | BT13: ABRIL | BY13: MAIO | CD13: JUNHO
B14: EQUIPE | C14: CÓD | D14: ÁREA | E14: VENDEDOR/REPRESENTANTE | G14: LOJAS | H14: AUDITADA | I14: % | J14: GAP | K14: MÉDIA | L14: LOJAS | M14: AUDITADA | N14: % | O14: GAP | P14: MÉDIA | Q14: LOJAS | R14: AUDITADA | S14: % | T14: GAP | U14: MÉDIA | V14: LOJAS | W14: AUDITADA | X14: % | Y14: GAP | Z14: MÉDIA | AA14: LOJAS | AB14: AUDITADA | AC14: % | AD14: GAP | AE14: MÉDIA | AF14: LOJAS | AG14: AUDITADA | AH14: % | AI14: GAP | AJ14: MÉDIA | AK14: LOJAS | AL14: AUDITADA | AM14: % | AN14: GAP | AO14: MÉDIA | AP14: LOJAS | AQ14: AUDITADA | AR14: % | AS14: GAP | AT14: MÉDIA | AU14: LOJAS | AV14: AUDITADA | AW14: % | AX14: GAP | AY14: MÉDIA | AZ14: LOJAS | BA14: AUDITADA | BB14: % | BC14: GAP | BD14: MÉDIA | BE14: LOJAS | BF14: AUDITADA | BG14: % | BH14: GAP | BI14: MÉDIA | BJ14: LOJAS | BK14: AUDITADA | BL14: % | BM14: GAP | BN14: MÉDIA | BO14: LOJAS | BP14: AUDITADA | BQ14: % | BR14: GAP | BS14: MÉDIA | BT14: LOJAS | BU14: AUDITADA | BV14: % | BW14: GAP | BX14: MÉDIA | BY14: LOJAS | BZ14: AUDITADA | CA14: % | CB14: GAP | CC14: MÉDIA | CD14: LOJAS | CE14: AUDITADA | CF14: % | CG14: GAP | CH14: MÉDIA
B15: FLP-SUL MC/KA D | C15: 771 | D15: MC-FLP D | E15: JOAO JOSE NASCIMENTO | F15: =COUNTIF(Rede!$C:$C,Geral!$C15) -> 1 | G15: =COUNTIF(Cliente!$C:$C,Geral!$C15) -> 3 | H15: =SUMIF(Rede!$C:$C,Geral!$C15,Rede!$G:$G) -> 3 | I15: =IFERROR(H15/G15,0) -> 1 | J15: =H15-G15 -> 0 | K15: =IFERROR(AVERAGEIFS(Cliente!$L:$L,Cliente!$C:$C,Geral!$C15,Cliente!$L:$L,">0"),0) -> 50.060278 | L15: =COUNTIF(Cliente!$C:$C,Geral!$C15) -> 3 | M15: =SUMIF(Rede!$C:$C,Geral!$C15,Rede!$J:$J) -> 3 | N15: =IFERROR(M15/L15,0) -> 1 | O15: =M15-L15 -> 0 | P15: =IFERROR(AVERAGEIFS(Cliente!$S:$S,Cliente!$C:$C,Geral!$C15,Cliente!$S:$S,">0"),0) -> 32.814167 | Q15: =COUNTIF(Cliente!$C:$C,Geral!$C15) -> 3 | R15: =SUMIF(Rede!$C:$C,Geral!$C15,Rede!$M:$M) -> 3 | S15: =IFERROR(R15/Q15,0) -> 1 | T15: =R15-Q15 -> 0 | U15: =IFERROR(AVERAGEIFS(Cliente!$Y:$Y,Cliente!$C:$C,Geral!$C15,Cliente!$Y:$Y,">0"),0) -> 46.045 | V15: =COUNTIF(Cliente!$C:$C,Geral!$C15) -> 3 | W15: =SUMIF(Rede!$C:$C,Geral!$C15,Rede!$P:$P) -> 3 | X15: =IFERROR(W15/V15,0) -> 1 | Y15: =W15-V15 -> 0 | Z15: =IFERROR(AVERAGEIFS(Cliente!$AE:$AE,Cliente!$C:$C,Geral!$C15,Cliente!$AE:$AE,">0"),0) -> 71.321667 | AA15: =COUNTIF(Cliente!$C:$C,Geral!$C15) -> 3 | AB15: =SUMIF(Rede!$C:$C,Geral!$C15,Rede!$S:$S) -> 0 | AC15: =IFERROR(AB15/AA15,0) -> 0 | AD15: =AB15-AA15 -> -3 | AE15: =IFERROR(AVERAGEIFS(Cliente!$AG:$AG,Cliente!$C:$C,Geral!$C15,Cliente!$AG:$AG,">0"),0) -> 19.734167 | AF15: =COUNTIF(Cliente!$C:$C,Geral!$C15) -> 3 | AG15: =SUMIF(Rede!$C:$C,Geral!$C15,Rede!$V:$V) -> 2 | AH15: =AG15/AF15 -> 0.66666667 | AI15: =AG15-AF15 -> -1 | AJ15: =IFERROR(AVERAGEIFS(Cliente!$AN:$AN,Cliente!$C:$C,Geral!$C15,Cliente!$AN:$AN,">0"),0) -> 59.2025 | AK15: =COUNTIF(Cliente!$C:$C,Geral!$C15) -> 3 | AL15: =SUMIF(Rede!$C:$C,Geral!$C15,Rede!$Y:$Y) -> 0 | AM15: =AL15/AK15 -> 0 | AN15: =AL15-AK15 -> -3 | AO15: =IFERROR(AVERAGEIFS(Cliente!$AU:$AU,Cliente!$C:$C,Geral!$C15,Cliente!$AU:$AU,">0"),0) -> 0 | AP15: =COUNTIF(Cliente!$C:$C,Geral!$C15) -> 3 | AQ15: =SUMIF(Rede!$C:$C,Geral!$C15,Rede!$AB:$AB) -> 0 | AR15: =AQ15/AP15 -> 0 | AS15: =AQ15-AP15 -> -3 | AT15: =IFERROR(AVERAGEIFS(Cliente!$BB:$BB,Cliente!$C:$C,Geral!$C15,Cliente!$BB:$BB,">0"),0) -> 0 | AU15: =COUNTIF(Cliente!$C:$C,Geral!$C15) -> 3 | AV15: =SUMIF(Rede!$C:$C,Geral!$C15,Rede!$AE:$AE) -> 1 | AW15: =IFERROR(AV15/AU15,0) -> 0.33333333 | AX15: =AV15-AU15 -> -2 | AY15: =AVERAGE(BD15,BI15,BN15) -> 78.904167 | AZ15: =COUNTIF(Cliente!$C:$C,Geral!$C15) -> 3 | BA15: =SUMIF(Rede!$C:$C,Geral!$C15,Rede!$AH:$AH) -> 2 | BB15: =BA15/AZ15 -> 0.66666667 | BC15: =BA15-AZ15 -> -1 | BD15: =IFERROR(AVERAGEIFS(Cliente!$BL:$BL,Cliente!$C:$C,Geral!$C15,Cliente!$BL:$BL,">0"),0) -> 71.7125 | BE15: =COUNTIF(Cliente!$C:$C,Geral!$C15) -> 3 | BF15: =SUMIF(Rede!$C:$C,Geral!$C15,Rede!$AK:$AK) -> 2 | BG15: =BF15/BE15 -> 0.66666667 | BH15: =BF15-BE15 -> -1 | BI15: =IFERROR(AVERAGEIFS(Cliente!$BS:$BS,Cliente!$C:$C,Geral!$C15,Cliente!$BS:$BS,">0"),0) -> 79.4 | BJ15: =COUNTIF(Cliente!$C:$C,Geral!$C15) -> 3 | BK15: =SUMIF(Rede!$C:$C,Geral!$C15,Rede!$AN:$AN) -> 1 | BL15: =BK15/BJ15 -> 0.33333333 | BM15: =BK15-BJ15 -> -2 | BN15: =IFERROR(AVERAGEIFS(Cliente!$BZ:$BZ,Cliente!$C:$C,Geral!$C15,Cliente!$BZ:$BZ,">0"),0) -> 85.6 | BO15: =COUNTIF(Cliente!$C:$C,Geral!$C15) -> 3 | BP15: =SUMIF(Rede!$C:$C,Geral!$C15,Rede!$AQ:$AQ) -> 0 | BQ15: =IFERROR(BP15/BO15,0) -> 0 | BR15: =BP15-BO15 -> -3 | BS15: =IFERROR(AVERAGEIFS(Cliente!$CB:$CB,Cliente!$C:$C,Geral!$C15,Cliente!$CB:$CB,">0"),0) -> 25.95 | BT15: =COUNTIF(Cliente!$C:$C,Geral!$C15) -> 3 | BU15: =SUMIF(Rede!$C:$C,Geral!$C15,Rede!$AT:$AT) -> 0 | BV15: =BU15/BT15 -> 0 | BW15: =BU15-BT15 -> -3 | BX15: =IFERROR(AVERAGEIFS(Cliente!$CL:$CL,Cliente!$C:$C,Geral!$C15,Cliente!$CL:$CL,">0"),0) -> 0 | BY15: =COUNTIF(Cliente!$C:$C,Geral!$C15) -> 3 | BZ15: =SUMIF(Rede!$C:$C,Geral!$C15,Rede!$AW:$AW) -> 0 | CA15: =BZ15/BY15 -> 0 | CB15: =BZ15-BY15 -> -3 | CC15: =IFERROR(AVERAGEIFS(Cliente!$CU:$CU,Cliente!$C:$C,Geral!$C15,Cliente!$CU:$CU,">0"),0) -> 0 | CD15: =COUNTIF(Cliente!$C:$C,Geral!$C15) -> 3 | CE15: =SUMIF(Rede!$C:$C,Geral!$C15,Rede!$AZ:$AZ) -> 1 | CF15: =CE15/CD15 -> 0.33333333 | CG15: =CE15-CD15 -> -2 | CH15: =IFERROR(AVERAGEIFS(Cliente!$DD:$DD,Cliente!$C:$C,Geral!$C15,Cliente!$DD:$DD,">0"),0) -> 77.85
B16: FLP-SUL MC/KA D | C16: 3919 | D16: MC-TBCR D | E16: GISLAINE BORGES RODRIGUES | F16: =COUNTIF(Rede!$C:$C,Geral!$C16) -> 4 | G16: =COUNTIF(Cliente!$C:$C,Geral!$C16) -> 20 | H16: =SUMIF(Rede!$C:$C,Geral!$C16,Rede!$G:$G) -> 13 | I16: =IFERROR(H16/G16,0) -> 0.65 | J16: =H16-G16 -> -7 | K16: =IFERROR(AVERAGEIFS(Cliente!$L:$L,Cliente!$C:$C,Geral!$C16,Cliente!$L:$L,">0"),0) -> 57.598875 | L16: =COUNTIF(Cliente!$C:$C,Geral!$C16) -> 20 | M16: =SUMIF(Rede!$C:$C,Geral!$C16,Rede!$J:$J) -> 17 | N16: =IFERROR(M16/L16,0) -> 0.85 | O16: =M16-L16 -> -3 | P16: =IFERROR(AVERAGEIFS(Cliente!$S:$S,Cliente!$C:$C,Geral!$C16,Cliente!$S:$S,">0"),0) -> 54.314559 | Q16: =COUNTIF(Cliente!$C:$C,Geral!$C16) -> 20 | R16: =SUMIF(Rede!$C:$C,Geral!$C16,Rede!$M:$M) -> 19 | S16: =IFERROR(R16/Q16,0) -> 0.95 | T16: =R16-Q16 -> -1 | U16: =IFERROR(AVERAGEIFS(Cliente!$Y:$Y,Cliente!$C:$C,Geral!$C16,Cliente!$Y:$Y,">0"),0) -> 63.862632 | V16: =COUNTIF(Cliente!$C:$C,Geral!$C16) -> 20 | W16: =SUMIF(Rede!$C:$C,Geral!$C16,Rede!$P:$P) -> 17 | X16: =IFERROR(W16/V16,0) -> 0.85 | Y16: =W16-V16 -> -3 | Z16: =IFERROR(AVERAGEIFS(Cliente!$AE:$AE,Cliente!$C:$C,Geral!$C16,Cliente!$AE:$AE,">0"),0) -> 77.599706 | AA16: =COUNTIF(Cliente!$C:$C,Geral!$C16) -> 20 | AB16: =SUMIF(Rede!$C:$C,Geral!$C16,Rede!$S:$S) -> 10 | AC16: =IFERROR(AB16/AA16,0) -> 0.5 | AD16: =AB16-AA16 -> -10 | AE16: =IFERROR(AVERAGEIFS(Cliente!$AG:$AG,Cliente!$C:$C,Geral!$C16,Cliente!$AG:$AG,">0"),0) -> 49.455417 | AF16: =COUNTIF(Cliente!$C:$C,Geral!$C16) -> 20 | AG16: =SUMIF(Rede!$C:$C,Geral!$C16,Rede!$V:$V) -> 14 | AH16: =AG16/AF16 -> 0.7 | AI16: =AG16-AF16 -> -6 | AJ16: =IFERROR(AVERAGEIFS(Cliente!$AN:$AN,Cliente!$C:$C,Geral!$C16,Cliente!$AN:$AN,">0"),0) -> 62.919643 | AK16: =COUNTIF(Cliente!$C:$C,Geral!$C16) -> 20 | AL16: =SUMIF(Rede!$C:$C,Geral!$C16,Rede!$Y:$Y) -> 14 | AM16: =AL16/AK16 -> 0.7 | AN16: =AL16-AK16 -> -6 | AO16: =IFERROR(AVERAGEIFS(Cliente!$AU:$AU,Cliente!$C:$C,Geral!$C16,Cliente!$AU:$AU,">0"),0) -> 63.159286 | AP16: =COUNTIF(Cliente!$C:$C,Geral!$C16) -> 20 | AQ16: =SUMIF(Rede!$C:$C,Geral!$C16,Rede!$AB:$AB) -> 19 | AR16: =AQ16/AP16 -> 0.95 | AS16: =AQ16-AP16 -> -1 | AT16: =IFERROR(AVERAGEIFS(Cliente!$BB:$BB,Cliente!$C:$C,Geral!$C16,Cliente!$BB:$BB,">0"),0) -> 63.274737 | AU16: =COUNTIF(Cliente!$C:$C,Geral!$C16) -> 20 | AV16: =SUMIF(Rede!$C:$C,Geral!$C16,Rede!$AE:$AE) -> 15 | AW16: =IFERROR(AV16/AU16,0) -> 0.75 | AX16: =AV16-AU16 -> -5 | AY16: =AVERAGE(BD16,BI16,BN16) -> 79.834421 | AZ16: =COUNTIF(Cliente!$C:$C,Geral!$C16) -> 20 | BA16: =SUMIF(Rede!$C:$C,Geral!$C16,Rede!$AH:$AH) -> 20 | BB16: =BA16/AZ16 -> 1 | BC16: =BA16-AZ16 -> 0 | BD16: =IFERROR(AVERAGEIFS(Cliente!$BL:$BL,Cliente!$C:$C,Geral!$C16,Cliente!$BL:$BL,">0"),0) -> 73.76425 | BE16: =COUNTIF(Cliente!$C:$C,Geral!$C16) -> 20 | BF16: =SUMIF(Rede!$C:$C,Geral!$C16,Rede!$AK:$AK) -> 20 | BG16: =BF16/BE16 -> 1 | BH16: =BF16-BE16 -> 0 | BI16: =IFERROR(AVERAGEIFS(Cliente!$BS:$BS,Cliente!$C:$C,Geral!$C16,Cliente!$BS:$BS,">0"),0) -> 84.27375 | BJ16: =COUNTIF(Cliente!$C:$C,Geral!$C16) -> 20 | BK16: =SUMIF(Rede!$C:$C,Geral!$C16,Rede!$AN:$AN) -> 19 | BL16: =BK16/BJ16 -> 0.95 | BM16: =BK16-BJ16 -> -1 | BN16: =IFERROR(AVERAGEIFS(Cliente!$BZ:$BZ,Cliente!$C:$C,Geral!$C16,Cliente!$BZ:$BZ,">0"),0) -> 81.465263 | BO16: =COUNTIF(Cliente!$C:$C,Geral!$C16) -> 20 | BP16: =SUMIF(Rede!$C:$C,Geral!$C16,Rede!$AQ:$AQ) -> 15 | BQ16: =IFERROR(BP16/BO16,0) -> 0.75 | BR16: =BP16-BO16 -> -5 | BS16: =IFERROR(AVERAGEIFS(Cliente!$CB:$CB,Cliente!$C:$C,Geral!$C16,Cliente!$CB:$CB,">0"),0) -> 79.999583 | BT16: =COUNTIF(Cliente!$C:$C,Geral!$C16) -> 20 | BU16: =SUMIF(Rede!$C:$C,Geral!$C16,Rede!$AT:$AT) -> 20 | BV16: =BU16/BT16 -> 1 | BW16: =BU16-BT16 -> 0 | BX16: =IFERROR(AVERAGEIFS(Cliente!$CL:$CL,Cliente!$C:$C,Geral!$C16,Cliente!$CL:$CL,">0"),0) -> 86.2675 | BY16: =COUNTIF(Cliente!$C:$C,Geral!$C16) -> 20 | BZ16: =SUMIF(Rede!$C:$C,Geral!$C16,Rede!$AW:$AW) -> 20 | CA16: =BZ16/BY16 -> 1 | CB16: =BZ16-BY16 -> 0 | CC16: =IFERROR(AVERAGEIFS(Cliente!$CU:$CU,Cliente!$C:$C,Geral!$C16,Cliente!$CU:$CU,">0"),0) -> 89.71 | CD16: =COUNTIF(Cliente!$C:$C,Geral!$C16) -> 20 | CE16: =SUMIF(Rede!$C:$C,Geral!$C16,Rede!$AZ:$AZ) -> 15 | CF16: =CE16/CD16 -> 0.75 | CG16: =CE16-CD16 -> -5 | CH16: =IFERROR(AVERAGEIFS(Cliente!$DD:$DD,Cliente!$C:$C,Geral!$C16,Cliente!$DD:$DD,">0"),0) -> 85.361667
B17: FLP-SUL MC/KA D | C17: 3956 | D17: MC-IMB D | E17: RAFAEL BERNARDO VIEIRA | F17: =COUNTIF(Rede!$C:$C,Geral!$C17) -> 1 | G17: =COUNTIF(Cliente!$C:$C,Geral!$C17) -> 3 | H17: =SUMIF(Rede!$C:$C,Geral!$C17,Rede!$G:$G) -> 2 | I17: =IFERROR(H17/G17,0) -> 0.66666667 | J17: =H17-G17 -> -1 | K17: =IFERROR(AVERAGEIFS(Cliente!$L:$L,Cliente!$C:$C,Geral!$C17,Cliente!$L:$L,">0"),0) -> 72.658889 | L17: =COUNTIF(Cliente!$C:$C,Geral!$C17) -> 3 | M17: =SUMIF(Rede!$C:$C,Geral!$C17,Rede!$J:$J) -> 3 | N17: =IFERROR(M17/L17,0) -> 1 | O17: =M17-L17 -> 0 | P17: =IFERROR(AVERAGEIFS(Cliente!$S:$S,Cliente!$C:$C,Geral!$C17,Cliente!$S:$S,">0"),0) -> 70.488333 | Q17: =COUNTIF(Cliente!$C:$C,Geral!$C17) -> 3 | R17: =SUMIF(Rede!$C:$C,Geral!$C17,Rede!$M:$M) -> 2 | S17: =IFERROR(R17/Q17,0) -> 0.66666667 | T17: =R17-Q17 -> -1 | U17: =IFERROR(AVERAGEIFS(Cliente!$Y:$Y,Cliente!$C:$C,Geral!$C17,Cliente!$Y:$Y,">0"),0) -> 89.21 | V17: =COUNTIF(Cliente!$C:$C,Geral!$C17) -> 3 | W17: =SUMIF(Rede!$C:$C,Geral!$C17,Rede!$P:$P) -> 3 | X17: =IFERROR(W17/V17,0) -> 1 | Y17: =W17-V17 -> 0 | Z17: =IFERROR(AVERAGEIFS(Cliente!$AE:$AE,Cliente!$C:$C,Geral!$C17,Cliente!$AE:$AE,">0"),0) -> 88.015 | AA17: =COUNTIF(Cliente!$C:$C,Geral!$C17) -> 3 | AB17: =SUMIF(Rede!$C:$C,Geral!$C17,Rede!$S:$S) -> 3 | AC17: =IFERROR(AB17/AA17,0) -> 1 | AD17: =AB17-AA17 -> 0 | AE17: =IFERROR(AVERAGEIFS(Cliente!$AG:$AG,Cliente!$C:$C,Geral!$C17,Cliente!$AG:$AG,">0"),0) -> 78.671111 | AF17: =COUNTIF(Cliente!$C:$C,Geral!$C17) -> 3 | AG17: =SUMIF(Rede!$C:$C,Geral!$C17,Rede!$V:$V) -> 3 | AH17: =AG17/AF17 -> 1 | AI17: =AG17-AF17 -> 0 | AJ17: =IFERROR(AVERAGEIFS(Cliente!$AN:$AN,Cliente!$C:$C,Geral!$C17,Cliente!$AN:$AN,">0"),0) -> 71.993333 | AK17: =COUNTIF(Cliente!$C:$C,Geral!$C17) -> 3 | AL17: =SUMIF(Rede!$C:$C,Geral!$C17,Rede!$Y:$Y) -> 3 | AM17: =AL17/AK17 -> 1 | AN17: =AL17-AK17 -> 0 | AO17: =IFERROR(AVERAGEIFS(Cliente!$AU:$AU,Cliente!$C:$C,Geral!$C17,Cliente!$AU:$AU,">0"),0) -> 73.503333 | AP17: =COUNTIF(Cliente!$C:$C,Geral!$C17) -> 3 | AQ17: =SUMIF(Rede!$C:$C,Geral!$C17,Rede!$AB:$AB) -> 3 | AR17: =AQ17/AP17 -> 1 | AS17: =AQ17-AP17 -> 0 | AT17: =IFERROR(AVERAGEIFS(Cliente!$BB:$BB,Cliente!$C:$C,Geral!$C17,Cliente!$BB:$BB,">0"),0) -> 90.516667 | AU17: =COUNTIF(Cliente!$C:$C,Geral!$C17) -> 3 | AV17: =SUMIF(Rede!$C:$C,Geral!$C17,Rede!$AE:$AE) -> 3 | AW17: =IFERROR(AV17/AU17,0) -> 1 | AX17: =AV17-AU17 -> 0 | AY17: =AVERAGE(BD17,BI17,BN17) -> 87.269444 | AZ17: =COUNTIF(Cliente!$C:$C,Geral!$C17) -> 3 | BA17: =SUMIF(Rede!$C:$C,Geral!$C17,Rede!$AH:$AH) -> 3 | BB17: =BA17/AZ17 -> 1 | BC17: =BA17-AZ17 -> 0 | BD17: =IFERROR(AVERAGEIFS(Cliente!$BL:$BL,Cliente!$C:$C,Geral!$C17,Cliente!$BL:$BL,">0"),0) -> 78.608333 | BE17: =COUNTIF(Cliente!$C:$C,Geral!$C17) -> 3 | BF17: =SUMIF(Rede!$C:$C,Geral!$C17,Rede!$AK:$AK) -> 3 | BG17: =BF17/BE17 -> 1 | BH17: =BF17-BE17 -> 0 | BI17: =IFERROR(AVERAGEIFS(Cliente!$BS:$BS,Cliente!$C:$C,Geral!$C17,Cliente!$BS:$BS,">0"),0) -> 93 | BJ17: =COUNTIF(Cliente!$C:$C,Geral!$C17) -> 3 | BK17: =SUMIF(Rede!$C:$C,Geral!$C17,Rede!$AN:$AN) -> 3 | BL17: =BK17/BJ17 -> 1 | BM17: =BK17-BJ17 -> 0 | BN17: =IFERROR(AVERAGEIFS(Cliente!$BZ:$BZ,Cliente!$C:$C,Geral!$C17,Cliente!$BZ:$BZ,">0"),0) -> 90.2 | BO17: =COUNTIF(Cliente!$C:$C,Geral!$C17) -> 3 | BP17: =SUMIF(Rede!$C:$C,Geral!$C17,Rede!$AQ:$AQ) -> 3 | BQ17: =IFERROR(BP17/BO17,0) -> 1 | BR17: =BP17-BO17 -> 0 | BS17: =IFERROR(AVERAGEIFS(Cliente!$CB:$CB,Cliente!$C:$C,Geral!$C17,Cliente!$CB:$CB,">0"),0) -> 95.511111 | BT17: =COUNTIF(Cliente!$C:$C,Geral!$C17) -> 3 | BU17: =SUMIF(Rede!$C:$C,Geral!$C17,Rede!$AT:$AT) -> 3 | BV17: =BU17/BT17 -> 1 | BW17: =BU17-BT17 -> 0 | BX17: =IFERROR(AVERAGEIFS(Cliente!$CL:$CL,Cliente!$C:$C,Geral!$C17,Cliente!$CL:$CL,">0"),0) -> 89.6 | BY17: =COUNTIF(Cliente!$C:$C,Geral!$C17) -> 3 | BZ17: =SUMIF(Rede!$C:$C,Geral!$C17,Rede!$AW:$AW) -> 3 | CA17: =BZ17/BY17 -> 1 | CB17: =BZ17-BY17 -> 0 | CC17: =IFERROR(AVERAGEIFS(Cliente!$CU:$CU,Cliente!$C:$C,Geral!$C17,Cliente!$CU:$CU,">0"),0) -> 98.6 | CD17: =COUNTIF(Cliente!$C:$C,Geral!$C17) -> 3 | CE17: =SUMIF(Rede!$C:$C,Geral!$C17,Rede!$AZ:$AZ) -> 3 | CF17: =CE17/CD17 -> 1 | CG17: =CE17-CD17 -> 0 | CH17: =IFERROR(AVERAGEIFS(Cliente!$DD:$DD,Cliente!$C:$C,Geral!$C17,Cliente!$DD:$DD,">0"),0) -> 98.333333
B18: FLP-SUL MC/KA D | C18: 4054 | D18: MC-ARA D | E18: RAFAEL IZIDIO DE FARIAS | F18: =COUNTIF(Rede!$C:$C,Geral!$C18) -> 2 | G18: =COUNTIF(Cliente!$C:$C,Geral!$C18) -> 7 | H18: =SUMIF(Rede!$C:$C,Geral!$C18,Rede!$G:$G) -> 6 | I18: =IFERROR(H18/G18,0) -> 0.85714286 | J18: =H18-G18 -> -1 | K18: =IFERROR(AVERAGEIFS(Cliente!$L:$L,Cliente!$C:$C,Geral!$C18,Cliente!$L:$L,">0"),0) -> 57.412619 | L18: =COUNTIF(Cliente!$C:$C,Geral!$C18) -> 7 | M18: =SUMIF(Rede!$C:$C,Geral!$C18,Rede!$J:$J) -> 6 | N18: =IFERROR(M18/L18,0) -> 0.85714286 | O18: =M18-L18 -> -1 | P18: =IFERROR(AVERAGEIFS(Cliente!$S:$S,Cliente!$C:$C,Geral!$C18,Cliente!$S:$S,">0"),0) -> 64.156667 | Q18: =COUNTIF(Cliente!$C:$C,Geral!$C18) -> 7 | R18: =SUMIF(Rede!$C:$C,Geral!$C18,Rede!$M:$M) -> 7 | S18: =IFERROR(R18/Q18,0) -> 1 | T18: =R18-Q18 -> 0 | U18: =IFERROR(AVERAGEIFS(Cliente!$Y:$Y,Cliente!$C:$C,Geral!$C18,Cliente!$Y:$Y,">0"),0) -> 58.447857 | V18: =COUNTIF(Cliente!$C:$C,Geral!$C18) -> 7 | W18: =SUMIF(Rede!$C:$C,Geral!$C18,Rede!$P:$P) -> 7 | X18: =IFERROR(W18/V18,0) -> 1 | Y18: =W18-V18 -> 0 | Z18: =IFERROR(AVERAGEIFS(Cliente!$AE:$AE,Cliente!$C:$C,Geral!$C18,Cliente!$AE:$AE,">0"),0) -> 58.798571 | AA18: =COUNTIF(Cliente!$C:$C,Geral!$C18) -> 7 | AB18: =SUMIF(Rede!$C:$C,Geral!$C18,Rede!$S:$S) -> 2 | AC18: =IFERROR(AB18/AA18,0) -> 0.28571429 | AD18: =AB18-AA18 -> -5 | AE18: =IFERROR(AVERAGEIFS(Cliente!$AG:$AG,Cliente!$C:$C,Geral!$C18,Cliente!$AG:$AG,">0"),0) -> 38.915714 | AF18: =COUNTIF(Cliente!$C:$C,Geral!$C18) -> 7 | AG18: =SUMIF(Rede!$C:$C,Geral!$C18,Rede!$V:$V) -> 7 | AH18: =AG18/AF18 -> 1 | AI18: =AG18-AF18 -> 0 | AJ18: =IFERROR(AVERAGEIFS(Cliente!$AN:$AN,Cliente!$C:$C,Geral!$C18,Cliente!$AN:$AN,">0"),0) -> 57.550714 | AK18: =COUNTIF(Cliente!$C:$C,Geral!$C18) -> 7 | AL18: =SUMIF(Rede!$C:$C,Geral!$C18,Rede!$Y:$Y) -> 4 | AM18: =AL18/AK18 -> 0.57142857 | AN18: =AL18-AK18 -> -3 | AO18: =IFERROR(AVERAGEIFS(Cliente!$AU:$AU,Cliente!$C:$C,Geral!$C18,Cliente!$AU:$AU,">0"),0) -> 58.155 | AP18: =COUNTIF(Cliente!$C:$C,Geral!$C18) -> 7 | AQ18: =SUMIF(Rede!$C:$C,Geral!$C18,Rede!$AB:$AB) -> 3 | AR18: =AQ18/AP18 -> 0.42857143 | AS18: =AQ18-AP18 -> -4 | AT18: =IFERROR(AVERAGEIFS(Cliente!$BB:$BB,Cliente!$C:$C,Geral!$C18,Cliente!$BB:$BB,">0"),0) -> 60.585 | AU18: =COUNTIF(Cliente!$C:$C,Geral!$C18) -> 7 | AV18: =SUMIF(Rede!$C:$C,Geral!$C18,Rede!$AE:$AE) -> 3 | AW18: =IFERROR(AV18/AU18,0) -> 0.42857143 | AX18: =AV18-AU18 -> -4 | AY18: =AVERAGE(BD18,BI18,BN18) -> 81.883056 | AZ18: =COUNTIF(Cliente!$C:$C,Geral!$C18) -> 7 | BA18: =SUMIF(Rede!$C:$C,Geral!$C18,Rede!$AH:$AH) -> 4 | BB18: =BA18/AZ18 -> 0.57142857 | BC18: =BA18-AZ18 -> -3 | BD18: =IFERROR(AVERAGEIFS(Cliente!$BL:$BL,Cliente!$C:$C,Geral!$C18,Cliente!$BL:$BL,">0"),0) -> 59.5575 | BE18: =COUNTIF(Cliente!$C:$C,Geral!$C18) -> 7 | BF18: =SUMIF(Rede!$C:$C,Geral!$C18,Rede!$AK:$AK) -> 3 | BG18: =BF18/BE18 -> 0.42857143 | BH18: =BF18-BE18 -> -4 | BI18: =IFERROR(AVERAGEIFS(Cliente!$BS:$BS,Cliente!$C:$C,Geral!$C18,Cliente!$BS:$BS,">0"),0) -> 93.008333 | BJ18: =COUNTIF(Cliente!$C:$C,Geral!$C18) -> 7 | BK18: =SUMIF(Rede!$C:$C,Geral!$C18,Rede!$AN:$AN) -> 3 | BL18: =BK18/BJ18 -> 0.42857143 | BM18: =BK18-BJ18 -> -4 | BN18: =IFERROR(AVERAGEIFS(Cliente!$BZ:$BZ,Cliente!$C:$C,Geral!$C18,Cliente!$BZ:$BZ,">0"),0) -> 93.083333 | BO18: =COUNTIF(Cliente!$C:$C,Geral!$C18) -> 7 | BP18: =SUMIF(Rede!$C:$C,Geral!$C18,Rede!$AQ:$AQ) -> 1 | BQ18: =IFERROR(BP18/BO18,0) -> 0.14285714 | BR18: =BP18-BO18 -> -6 | BS18: =IFERROR(AVERAGEIFS(Cliente!$CB:$CB,Cliente!$C:$C,Geral!$C18,Cliente!$CB:$CB,">0"),0) -> 75.8 | BT18: =COUNTIF(Cliente!$C:$C,Geral!$C18) -> 7 | BU18: =SUMIF(Rede!$C:$C,Geral!$C18,Rede!$AT:$AT) -> 2 | BV18: =BU18/BT18 -> 0.28571429 | BW18: =BU18-BT18 -> -5 | BX18: =IFERROR(AVERAGEIFS(Cliente!$CL:$CL,Cliente!$C:$C,Geral!$C18,Cliente!$CL:$CL,">0"),0) -> 90.4 | BY18: =COUNTIF(Cliente!$C:$C,Geral!$C18) -> 7 | BZ18: =SUMIF(Rede!$C:$C,Geral!$C18,Rede!$AW:$AW) -> 2 | CA18: =BZ18/BY18 -> 0.28571429 | CB18: =BZ18-BY18 -> -5 | CC18: =IFERROR(AVERAGEIFS(Cliente!$CU:$CU,Cliente!$C:$C,Geral!$C18,Cliente!$CU:$CU,">0"),0) -> 90.8 | CD18: =COUNTIF(Cliente!$C:$C,Geral!$C18) -> 7 | CE18: =SUMIF(Rede!$C:$C,Geral!$C18,Rede!$AZ:$AZ) -> 1 | CF18: =CE18/CD18 -> 0.14285714 | CG18: =CE18-CD18 -> -6 | CH18: =IFERROR(AVERAGEIFS(Cliente!$DD:$DD,Cliente!$C:$C,Geral!$C18,Cliente!$DD:$DD,">0"),0) -> 92.4
B19: NORTE MC/KA D | C19: 179 | D19: KA-BRQ | E19: PEDRO PAULO ECCEL | F19: =COUNTIF(Rede!$C:$C,Geral!$C19) -> 1 | G19: =COUNTIF(Cliente!$C:$C,Geral!$C19) -> 6 | H19: =SUMIF(Rede!$C:$C,Geral!$C19,Rede!$G:$G) -> 6 | I19: =IFERROR(H19/G19,0) -> 1 | J19: =H19-G19 -> 0 | K19: =IFERROR(AVERAGEIFS(Cliente!$L:$L,Cliente!$C:$C,Geral!$C19,Cliente!$L:$L,">0"),0) -> 74.634722 | L19: =COUNTIF(Cliente!$C:$C,Geral!$C19) -> 6 | M19: =SUMIF(Rede!$C:$C,Geral!$C19,Rede!$J:$J) -> 6 | N19: =IFERROR(M19/L19,0) -> 1 | O19: =M19-L19 -> 0 | P19: =IFERROR(AVERAGEIFS(Cliente!$S:$S,Cliente!$C:$C,Geral!$C19,Cliente!$S:$S,">0"),0) -> 64.615833 | Q19: =COUNTIF(Cliente!$C:$C,Geral!$C19) -> 6 | R19: =SUMIF(Rede!$C:$C,Geral!$C19,Rede!$M:$M) -> 6 | S19: =IFERROR(R19/Q19,0) -> 1 | T19: =R19-Q19 -> 0 | U19: =IFERROR(AVERAGEIFS(Cliente!$Y:$Y,Cliente!$C:$C,Geral!$C19,Cliente!$Y:$Y,">0"),0) -> 77.273333 | V19: =COUNTIF(Cliente!$C:$C,Geral!$C19) -> 6 | W19: =SUMIF(Rede!$C:$C,Geral!$C19,Rede!$P:$P) -> 6 | X19: =IFERROR(W19/V19,0) -> 1 | Y19: =W19-V19 -> 0 | Z19: =IFERROR(AVERAGEIFS(Cliente!$AE:$AE,Cliente!$C:$C,Geral!$C19,Cliente!$AE:$AE,">0"),0) -> 82.015 | AA19: =COUNTIF(Cliente!$C:$C,Geral!$C19) -> 6 | AB19: =SUMIF(Rede!$C:$C,Geral!$C19,Rede!$S:$S) -> 4 | AC19: =IFERROR(AB19/AA19,0) -> 0.66666667 | AD19: =AB19-AA19 -> -2 | AE19: =IFERROR(AVERAGEIFS(Cliente!$AG:$AG,Cliente!$C:$C,Geral!$C19,Cliente!$AG:$AG,">0"),0) -> 58.011389 | AF19: =COUNTIF(Cliente!$C:$C,Geral!$C19) -> 6 | AG19: =SUMIF(Rede!$C:$C,Geral!$C19,Rede!$V:$V) -> 4 | AH19: =AG19/AF19 -> 0.66666667 | AI19: =AG19-AF19 -> -2 | AJ19: =IFERROR(AVERAGEIFS(Cliente!$AN:$AN,Cliente!$C:$C,Geral!$C19,Cliente!$AN:$AN,">0"),0) -> 65.75875 | AK19: =COUNTIF(Cliente!$C:$C,Geral!$C19) -> 6 | AL19: =SUMIF(Rede!$C:$C,Geral!$C19,Rede!$Y:$Y) -> 6 | AM19: =AL19/AK19 -> 1 | AN19: =AL19-AK19 -> 0 | AO19: =IFERROR(AVERAGEIFS(Cliente!$AU:$AU,Cliente!$C:$C,Geral!$C19,Cliente!$AU:$AU,">0"),0) -> 50.06 | AP19: =COUNTIF(Cliente!$C:$C,Geral!$C19) -> 6 | AQ19: =SUMIF(Rede!$C:$C,Geral!$C19,Rede!$AB:$AB) -> 6 | AR19: =AQ19/AP19 -> 1 | AS19: =AQ19-AP19 -> 0 | AT19: =IFERROR(AVERAGEIFS(Cliente!$BB:$BB,Cliente!$C:$C,Geral!$C19,Cliente!$BB:$BB,">0"),0) -> 80.135 | AU19: =COUNTIF(Cliente!$C:$C,Geral!$C19) -> 6 | AV19: =SUMIF(Rede!$C:$C,Geral!$C19,Rede!$AE:$AE) -> 6 | AW19: =IFERROR(AV19/AU19,0) -> 1 | AX19: =AV19-AU19 -> 0 | AY19: =AVERAGE(BD19,BI19,BN19) -> 74.015278 | AZ19: =COUNTIF(Cliente!$C:$C,Geral!$C19) -> 6 | BA19: =SUMIF(Rede!$C:$C,Geral!$C19,Rede!$AH:$AH) -> 6 | BB19: =BA19/AZ19 -> 1 | BC19: =BA19-AZ19 -> 0 | BD19: =IFERROR(AVERAGEIFS(Cliente!$BL:$BL,Cliente!$C:$C,Geral!$C19,Cliente!$BL:$BL,">0"),0) -> 70.141667 | BE19: =COUNTIF(Cliente!$C:$C,Geral!$C19) -> 6 | BF19: =SUMIF(Rede!$C:$C,Geral!$C19,Rede!$AK:$AK) -> 6 | BG19: =BF19/BE19 -> 1 | BH19: =BF19-BE19 -> 0 | BI19: =IFERROR(AVERAGEIFS(Cliente!$BS:$BS,Cliente!$C:$C,Geral!$C19,Cliente!$BS:$BS,">0"),0) -> 70.133333 | BJ19: =COUNTIF(Cliente!$C:$C,Geral!$C19) -> 6 | BK19: =SUMIF(Rede!$C:$C,Geral!$C19,Rede!$AN:$AN) -> 6 | BL19: =BK19/BJ19 -> 1 | BM19: =BK19-BJ19 -> 0 | BN19: =IFERROR(AVERAGEIFS(Cliente!$BZ:$BZ,Cliente!$C:$C,Geral!$C19,Cliente!$BZ:$BZ,">0"),0) -> 81.770833 | BO19: =COUNTIF(Cliente!$C:$C,Geral!$C19) -> 6 | BP19: =SUMIF(Rede!$C:$C,Geral!$C19,Rede!$AQ:$AQ) -> 0 | BQ19: =IFERROR(BP19/BO19,0) -> 0 | BR19: =BP19-BO19 -> -6 | BS19: =IFERROR(AVERAGEIFS(Cliente!$CB:$CB,Cliente!$C:$C,Geral!$C19,Cliente!$CB:$CB,">0"),0) -> 44.910278 | BT19: =COUNTIF(Cliente!$C:$C,Geral!$C19) -> 6 | BU19: =SUMIF(Rede!$C:$C,Geral!$C19,Rede!$AT:$AT) -> 6 | BV19: =BU19/BT19 -> 1 | BW19: =BU19-BT19 -> 0 | BX19: =IFERROR(AVERAGEIFS(Cliente!$CL:$CL,Cliente!$C:$C,Geral!$C19,Cliente!$CL:$CL,">0"),0) -> 68.993333 | BY19: =COUNTIF(Cliente!$C:$C,Geral!$C19) -> 6 | BZ19: =SUMIF(Rede!$C:$C,Geral!$C19,Rede!$AW:$AW) -> 6 | CA19: =BZ19/BY19 -> 1 | CB19: =BZ19-BY19 -> 0 | CC19: =IFERROR(AVERAGEIFS(Cliente!$CU:$CU,Cliente!$C:$C,Geral!$C19,Cliente!$CU:$CU,">0"),0) -> 65.7375 | CD19: =COUNTIF(Cliente!$C:$C,Geral!$C19) -> 6 | CE19: =SUMIF(Rede!$C:$C,Geral!$C19,Rede!$AZ:$AZ) -> 0 | CF19: =CE19/CD19 -> 0 | CG19: =CE19-CD19 -> -6 | CH19: =IFERROR(AVERAGEIFS(Cliente!$DD:$DD,Cliente!$C:$C,Geral!$C19,Cliente!$DD:$DD,">0"),0) -> 0
B20: NORTE MC/KA D | C20: 359 | D20: MC-ITPE D | E20: MARCELO SCHEFFLER | F20: =COUNTIF(Rede!$C:$C,Geral!$C20) -> 3 | G20: =COUNTIF(Cliente!$C:$C,Geral!$C20) -> 7 | H20: =SUMIF(Rede!$C:$C,Geral!$C20,Rede!$G:$G) -> 7 | I20: =IFERROR(H20/G20,0) -> 1 | J20: =H20-G20 -> 0 | K20: =IFERROR(AVERAGEIFS(Cliente!$L:$L,Cliente!$C:$C,Geral!$C20,Cliente!$L:$L,">0"),0) -> 71.365833 | L20: =COUNTIF(Cliente!$C:$C,Geral!$C20) -> 7 | M20: =SUMIF(Rede!$C:$C,Geral!$C20,Rede!$J:$J) -> 7 | N20: =IFERROR(M20/L20,0) -> 1 | O20: =M20-L20 -> 0 | P20: =IFERROR(AVERAGEIFS(Cliente!$S:$S,Cliente!$C:$C,Geral!$C20,Cliente!$S:$S,">0"),0) -> 69.185714 | Q20: =COUNTIF(Cliente!$C:$C,Geral!$C20) -> 7 | R20: =SUMIF(Rede!$C:$C,Geral!$C20,Rede!$M:$M) -> 7 | S20: =IFERROR(R20/Q20,0) -> 1 | T20: =R20-Q20 -> 0 | U20: =IFERROR(AVERAGEIFS(Cliente!$Y:$Y,Cliente!$C:$C,Geral!$C20,Cliente!$Y:$Y,">0"),0) -> 68.403929 | V20: =COUNTIF(Cliente!$C:$C,Geral!$C20) -> 7 | W20: =SUMIF(Rede!$C:$C,Geral!$C20,Rede!$P:$P) -> 7 | X20: =IFERROR(W20/V20,0) -> 1 | Y20: =W20-V20 -> 0 | Z20: =IFERROR(AVERAGEIFS(Cliente!$AE:$AE,Cliente!$C:$C,Geral!$C20,Cliente!$AE:$AE,">0"),0) -> 76.507857 | AA20: =COUNTIF(Cliente!$C:$C,Geral!$C20) -> 7 | AB20: =SUMIF(Rede!$C:$C,Geral!$C20,Rede!$S:$S) -> 3 | AC20: =IFERROR(AB20/AA20,0) -> 0.42857143 | AD20: =AB20-AA20 -> -4 | AE20: =IFERROR(AVERAGEIFS(Cliente!$AG:$AG,Cliente!$C:$C,Geral!$C20,Cliente!$AG:$AG,">0"),0) -> 52.657857 | AF20: =COUNTIF(Cliente!$C:$C,Geral!$C20) -> 7 | AG20: =SUMIF(Rede!$C:$C,Geral!$C20,Rede!$V:$V) -> 3 | AH20: =AG20/AF20 -> 0.42857143 | AI20: =AG20-AF20 -> -4 | AJ20: =IFERROR(AVERAGEIFS(Cliente!$AN:$AN,Cliente!$C:$C,Geral!$C20,Cliente!$AN:$AN,">0"),0) -> 63.428333 | AK20: =COUNTIF(Cliente!$C:$C,Geral!$C20) -> 7 | AL20: =SUMIF(Rede!$C:$C,Geral!$C20,Rede!$Y:$Y) -> 7 | AM20: =AL20/AK20 -> 1 | AN20: =AL20-AK20 -> 0 | AO20: =IFERROR(AVERAGEIFS(Cliente!$AU:$AU,Cliente!$C:$C,Geral!$C20,Cliente!$AU:$AU,">0"),0) -> 60.729286 | AP20: =COUNTIF(Cliente!$C:$C,Geral!$C20) -> 7 | AQ20: =SUMIF(Rede!$C:$C,Geral!$C20,Rede!$AB:$AB) -> 7 | AR20: =AQ20/AP20 -> 1 | AS20: =AQ20-AP20 -> 0 | AT20: =IFERROR(AVERAGEIFS(Cliente!$BB:$BB,Cliente!$C:$C,Geral!$C20,Cliente!$BB:$BB,">0"),0) -> 70.060714 | AU20: =COUNTIF(Cliente!$C:$C,Geral!$C20) -> 7 | AV20: =SUMIF(Rede!$C:$C,Geral!$C20,Rede!$AE:$AE) -> 3 | AW20: =IFERROR(AV20/AU20,0) -> 0.42857143 | AX20: =AV20-AU20 -> -4 | AY20: =AVERAGE(BD20,BI20,BN20) -> 84.385 | AZ20: =COUNTIF(Cliente!$C:$C,Geral!$C20) -> 7 | BA20: =SUMIF(Rede!$C:$C,Geral!$C20,Rede!$AH:$AH) -> 3 | BB20: =BA20/AZ20 -> 0.42857143 | BC20: =BA20-AZ20 -> -4 | BD20: =IFERROR(AVERAGEIFS(Cliente!$BL:$BL,Cliente!$C:$C,Geral!$C20,Cliente!$BL:$BL,">0"),0) -> 78.338333 | BE20: =COUNTIF(Cliente!$C:$C,Geral!$C20) -> 7 | BF20: =SUMIF(Rede!$C:$C,Geral!$C20,Rede!$AK:$AK) -> 3 | BG20: =BF20/BE20 -> 0.42857143 | BH20: =BF20-BE20 -> -4 | BI20: =IFERROR(AVERAGEIFS(Cliente!$BS:$BS,Cliente!$C:$C,Geral!$C20,Cliente!$BS:$BS,">0"),0) -> 86.666667 | BJ20: =COUNTIF(Cliente!$C:$C,Geral!$C20) -> 7 | BK20: =SUMIF(Rede!$C:$C,Geral!$C20,Rede!$AN:$AN) -> 4 | BL20: =BK20/BJ20 -> 0.57142857 | BM20: =BK20-BJ20 -> -3 | BN20: =IFERROR(AVERAGEIFS(Cliente!$BZ:$BZ,Cliente!$C:$C,Geral!$C20,Cliente!$BZ:$BZ,">0"),0) -> 88.15 | BO20: =COUNTIF(Cliente!$C:$C,Geral!$C20) -> 7 | BP20: =SUMIF(Rede!$C:$C,Geral!$C20,Rede!$AQ:$AQ) -> 4 | BQ20: =IFERROR(BP20/BO20,0) -> 0.57142857 | BR20: =BP20-BO20 -> -3 | BS20: =IFERROR(AVERAGEIFS(Cliente!$CB:$CB,Cliente!$C:$C,Geral!$C20,Cliente!$CB:$CB,">0"),0) -> 76.618056 | BT20: =COUNTIF(Cliente!$C:$C,Geral!$C20) -> 7 | BU20: =SUMIF(Rede!$C:$C,Geral!$C20,Rede!$AT:$AT) -> 4 | BV20: =BU20/BT20 -> 0.57142857 | BW20: =BU20-BT20 -> -3 | BX20: =IFERROR(AVERAGEIFS(Cliente!$CL:$CL,Cliente!$C:$C,Geral!$C20,Cliente!$CL:$CL,">0"),0) -> 92.25 | BY20: =COUNTIF(Cliente!$C:$C,Geral!$C20) -> 7 | BZ20: =SUMIF(Rede!$C:$C,Geral!$C20,Rede!$AW:$AW) -> 5 | CA20: =BZ20/BY20 -> 0.71428571 | CB20: =BZ20-BY20 -> -2 | CC20: =IFERROR(AVERAGEIFS(Cliente!$CU:$CU,Cliente!$C:$C,Geral!$C20,Cliente!$CU:$CU,">0"),0) -> 91.655 | CD20: =COUNTIF(Cliente!$C:$C,Geral!$C20) -> 7 | CE20: =SUMIF(Rede!$C:$C,Geral!$C20,Rede!$AZ:$AZ) -> 6 | CF20: =CE20/CD20 -> 0.85714286 | CG20: =CE20-CD20 -> -1 | CH20: =IFERROR(AVERAGEIFS(Cliente!$DD:$DD,Cliente!$C:$C,Geral!$C20,Cliente!$DD:$DD,">0"),0) -> 91.975
B21: NORTE MC/KA D | C21: 3655 | D21: KA-BNU D | E21: NATHAN FREITAS FUZINATO | F21: =COUNTIF(Rede!$C:$C,Geral!$C21) -> 1 | G21: =COUNTIF(Cliente!$C:$C,Geral!$C21) -> 24 | H21: =SUMIF(Rede!$C:$C,Geral!$C21,Rede!$G:$G) -> 20 | I21: =IFERROR(H21/G21,0) -> 0.83333333 | J21: =H21-G21 -> -4 | K21: =IFERROR(AVERAGEIFS(Cliente!$L:$L,Cliente!$C:$C,Geral!$C21,Cliente!$L:$L,">0"),0) -> 65.618958 | L21: =COUNTIF(Cliente!$C:$C,Geral!$C21) -> 24 | M21: =SUMIF(Rede!$C:$C,Geral!$C21,Rede!$J:$J) -> 24 | N21: =IFERROR(M21/L21,0) -> 1 | O21: =M21-L21 -> 0 | P21: =IFERROR(AVERAGEIFS(Cliente!$S:$S,Cliente!$C:$C,Geral!$C21,Cliente!$S:$S,">0"),0) -> 65.034896 | Q21: =COUNTIF(Cliente!$C:$C,Geral!$C21) -> 24 | R21: =SUMIF(Rede!$C:$C,Geral!$C21,Rede!$M:$M) -> 20 | S21: =IFERROR(R21/Q21,0) -> 0.83333333 | T21: =R21-Q21 -> -4 | U21: =IFERROR(AVERAGEIFS(Cliente!$Y:$Y,Cliente!$C:$C,Geral!$C21,Cliente!$Y:$Y,">0"),0) -> 66.477375 | V21: =COUNTIF(Cliente!$C:$C,Geral!$C21) -> 24 | W21: =SUMIF(Rede!$C:$C,Geral!$C21,Rede!$P:$P) -> 24 | X21: =IFERROR(W21/V21,0) -> 1 | Y21: =W21-V21 -> 0 | Z21: =IFERROR(AVERAGEIFS(Cliente!$AE:$AE,Cliente!$C:$C,Geral!$C21,Cliente!$AE:$AE,">0"),0) -> 76.424167 | AA21: =COUNTIF(Cliente!$C:$C,Geral!$C21) -> 24 | AB21: =SUMIF(Rede!$C:$C,Geral!$C21,Rede!$S:$S) -> 24 | AC21: =IFERROR(AB21/AA21,0) -> 1 | AD21: =AB21-AA21 -> 0 | AE21: =IFERROR(AVERAGEIFS(Cliente!$AG:$AG,Cliente!$C:$C,Geral!$C21,Cliente!$AG:$AG,">0"),0) -> 65.871736 | AF21: =COUNTIF(Cliente!$C:$C,Geral!$C21) -> 24 | AG21: =SUMIF(Rede!$C:$C,Geral!$C21,Rede!$V:$V) -> 24 | AH21: =AG21/AF21 -> 1 | AI21: =AG21-AF21 -> 0 | AJ21: =IFERROR(AVERAGEIFS(Cliente!$AN:$AN,Cliente!$C:$C,Geral!$C21,Cliente!$AN:$AN,">0"),0) -> 62.403125 | AK21: =COUNTIF(Cliente!$C:$C,Geral!$C21) -> 24 | AL21: =SUMIF(Rede!$C:$C,Geral!$C21,Rede!$Y:$Y) -> 24 | AM21: =AL21/AK21 -> 1 | AN21: =AL21-AK21 -> 0 | AO21: =IFERROR(AVERAGEIFS(Cliente!$AU:$AU,Cliente!$C:$C,Geral!$C21,Cliente!$AU:$AU,">0"),0) -> 61.493958 | AP21: =COUNTIF(Cliente!$C:$C,Geral!$C21) -> 24 | AQ21: =SUMIF(Rede!$C:$C,Geral!$C21,Rede!$AB:$AB) -> 24 | AR21: =AQ21/AP21 -> 1 | AS21: =AQ21-AP21 -> 0 | AT21: =IFERROR(AVERAGEIFS(Cliente!$BB:$BB,Cliente!$C:$C,Geral!$C21,Cliente!$BB:$BB,">0"),0) -> 73.718125 | AU21: =COUNTIF(Cliente!$C:$C,Geral!$C21) -> 24 | AV21: =SUMIF(Rede!$C:$C,Geral!$C21,Rede!$AE:$AE) -> 18 | AW21: =IFERROR(AV21/AU21,0) -> 0.75 | AX21: =AV21-AU21 -> -6 | AY21: =AVERAGE(BD21,BI21,BN21) -> 83.07277 | AZ21: =COUNTIF(Cliente!$C:$C,Geral!$C21) -> 24 | BA21: =SUMIF(Rede!$C:$C,Geral!$C21,Rede!$AH:$AH) -> 24 | BB21: =BA21/AZ21 -> 1 | BC21: =BA21-AZ21 -> 0 | BD21: =IFERROR(AVERAGEIFS(Cliente!$BL:$BL,Cliente!$C:$C,Geral!$C21,Cliente!$BL:$BL,">0"),0) -> 71.383333 | BE21: =COUNTIF(Cliente!$C:$C,Geral!$C21) -> 24 | BF21: =SUMIF(Rede!$C:$C,Geral!$C21,Rede!$AK:$AK) -> 20 | BG21: =BF21/BE21 -> 0.83333333 | BH21: =BF21-BE21 -> -4 | BI21: =IFERROR(AVERAGEIFS(Cliente!$BS:$BS,Cliente!$C:$C,Geral!$C21,Cliente!$BS:$BS,">0"),0) -> 86.0195 | BJ21: =COUNTIF(Cliente!$C:$C,Geral!$C21) -> 24 | BK21: =SUMIF(Rede!$C:$C,Geral!$C21,Rede!$AN:$AN) -> 21 | BL21: =BK21/BJ21 -> 0.875 | BM21: =BK21-BJ21 -> -3 | BN21: =IFERROR(AVERAGEIFS(Cliente!$BZ:$BZ,Cliente!$C:$C,Geral!$C21,Cliente!$BZ:$BZ,">0"),0) -> 91.815476 | BO21: =COUNTIF(Cliente!$C:$C,Geral!$C21) -> 24 | BP21: =SUMIF(Rede!$C:$C,Geral!$C21,Rede!$AQ:$AQ) -> 6 | BQ21: =IFERROR(BP21/BO21,0) -> 0.25 | BR21: =BP21-BO21 -> -18 | BS21: =IFERROR(AVERAGEIFS(Cliente!$CB:$CB,Cliente!$C:$C,Geral!$C21,Cliente!$CB:$CB,">0"),0) -> 67.372319 | BT21: =COUNTIF(Cliente!$C:$C,Geral!$C21) -> 24 | BU21: =SUMIF(Rede!$C:$C,Geral!$C21,Rede!$AT:$AT) -> 22 | BV21: =BU21/BT21 -> 0.91666667 | BW21: =BU21-BT21 -> -2 | BX21: =IFERROR(AVERAGEIFS(Cliente!$CL:$CL,Cliente!$C:$C,Geral!$C21,Cliente!$CL:$CL,">0"),0) -> 93.690909 | BY21: =COUNTIF(Cliente!$C:$C,Geral!$C21) -> 24 | BZ21: =SUMIF(Rede!$C:$C,Geral!$C21,Rede!$AW:$AW) -> 20 | CA21: =BZ21/BY21 -> 0.83333333 | CB21: =BZ21-BY21 -> -4 | CC21: =IFERROR(AVERAGEIFS(Cliente!$CU:$CU,Cliente!$C:$C,Geral!$C21,Cliente!$CU:$CU,">0"),0) -> 95.6195 | CD21: =COUNTIF(Cliente!$C:$C,Geral!$C21) -> 24 | CE21: =SUMIF(Rede!$C:$C,Geral!$C21,Rede!$AZ:$AZ) -> 7 | CF21: =CE21/CD21 -> 0.29166667 | CG21: =CE21-CD21 -> -17 | CH21: =IFERROR(AVERAGEIFS(Cliente!$DD:$DD,Cliente!$C:$C,Geral!$C21,Cliente!$DD:$DD,">0"),0) -> 96.442857
B22: NORTE MC/KA D | C22: 4066 | D22: MC-BNU D | E22: MURIEL DERCIO VOCKES | F22: =COUNTIF(Rede!$C:$C,Geral!$C22) -> 1 | G22: =COUNTIF(Cliente!$C:$C,Geral!$C22) -> 1 | H22: =SUMIF(Rede!$C:$C,Geral!$C22,Rede!$G:$G) -> 1 | I22: =IFERROR(H22/G22,0) -> 1 | J22: =H22-G22 -> 0 | K22: =IFERROR(AVERAGEIFS(Cliente!$L:$L,Cliente!$C:$C,Geral!$C22,Cliente!$L:$L,">0"),0) -> 86.575 | L22: =COUNTIF(Cliente!$C:$C,Geral!$C22) -> 1 | M22: =SUMIF(Rede!$C:$C,Geral!$C22,Rede!$J:$J) -> 1 | N22: =IFERROR(M22/L22,0) -> 1 | O22: =M22-L22 -> 0 | P22: =IFERROR(AVERAGEIFS(Cliente!$S:$S,Cliente!$C:$C,Geral!$C22,Cliente!$S:$S,">0"),0) -> 82.975 | Q22: =COUNTIF(Cliente!$C:$C,Geral!$C22) -> 1 | R22: =SUMIF(Rede!$C:$C,Geral!$C22,Rede!$M:$M) -> 1 | S22: =IFERROR(R22/Q22,0) -> 1 | T22: =R22-Q22 -> 0 | U22: =IFERROR(AVERAGEIFS(Cliente!$Y:$Y,Cliente!$C:$C,Geral!$C22,Cliente!$Y:$Y,">0"),0) -> 84.375 | V22: =COUNTIF(Cliente!$C:$C,Geral!$C22) -> 1 | W22: =SUMIF(Rede!$C:$C,Geral!$C22,Rede!$P:$P) -> 1 | X22: =IFERROR(W22/V22,0) -> 1 | Y22: =W22-V22 -> 0 | Z22: =IFERROR(AVERAGEIFS(Cliente!$AE:$AE,Cliente!$C:$C,Geral!$C22,Cliente!$AE:$AE,">0"),0) -> 92.375 | AA22: =COUNTIF(Cliente!$C:$C,Geral!$C22) -> 1 | AB22: =SUMIF(Rede!$C:$C,Geral!$C22,Rede!$S:$S) -> 1 | AC22: =IFERROR(AB22/AA22,0) -> 1 | AD22: =AB22-AA22 -> 0 | AE22: =IFERROR(AVERAGEIFS(Cliente!$AG:$AG,Cliente!$C:$C,Geral!$C22,Cliente!$AG:$AG,">0"),0) -> 68.908333 | AF22: =COUNTIF(Cliente!$C:$C,Geral!$C22) -> 1 | AG22: =SUMIF(Rede!$C:$C,Geral!$C22,Rede!$V:$V) -> 1 | AH22: =AG22/AF22 -> 1 | AI22: =AG22-AF22 -> 0 | AJ22: =IFERROR(AVERAGEIFS(Cliente!$AN:$AN,Cliente!$C:$C,Geral!$C22,Cliente!$AN:$AN,">0"),0) -> 62.58 | AK22: =COUNTIF(Cliente!$C:$C,Geral!$C22) -> 1 | AL22: =SUMIF(Rede!$C:$C,Geral!$C22,Rede!$Y:$Y) -> 1 | AM22: =AL22/AK22 -> 1 | AN22: =AL22-AK22 -> 0 | AO22: =IFERROR(AVERAGEIFS(Cliente!$AU:$AU,Cliente!$C:$C,Geral!$C22,Cliente!$AU:$AU,">0"),0) -> 69.105 | AP22: =COUNTIF(Cliente!$C:$C,Geral!$C22) -> 1 | AQ22: =SUMIF(Rede!$C:$C,Geral!$C22,Rede!$AB:$AB) -> 1 | AR22: =AQ22/AP22 -> 1 | AS22: =AQ22-AP22 -> 0 | AT22: =IFERROR(AVERAGEIFS(Cliente!$BB:$BB,Cliente!$C:$C,Geral!$C22,Cliente!$BB:$BB,">0"),0) -> 75.04 | AU22: =COUNTIF(Cliente!$C:$C,Geral!$C22) -> 1 | AV22: =SUMIF(Rede!$C:$C,Geral!$C22,Rede!$AE:$AE) -> 1 | AW22: =IFERROR(AV22/AU22,0) -> 1 | AX22: =AV22-AU22 -> 0 | AY22: =AVERAGE(BD22,BI22,BN22) -> 85.578333 | AZ22: =COUNTIF(Cliente!$C:$C,Geral!$C22) -> 1 | BA22: =SUMIF(Rede!$C:$C,Geral!$C22,Rede!$AH:$AH) -> 1 | BB22: =BA22/AZ22 -> 1 | BC22: =BA22-AZ22 -> 0 | BD22: =IFERROR(AVERAGEIFS(Cliente!$BL:$BL,Cliente!$C:$C,Geral!$C22,Cliente!$BL:$BL,">0"),0) -> 80 | BE22: =COUNTIF(Cliente!$C:$C,Geral!$C22) -> 1 | BF22: =SUMIF(Rede!$C:$C,Geral!$C22,Rede!$AK:$AK) -> 1 | BG22: =BF22/BE22 -> 1 | BH22: =BF22-BE22 -> 0 | BI22: =IFERROR(AVERAGEIFS(Cliente!$BS:$BS,Cliente!$C:$C,Geral!$C22,Cliente!$BS:$BS,">0"),0) -> 80 | BJ22: =COUNTIF(Cliente!$C:$C,Geral!$C22) -> 1 | BK22: =SUMIF(Rede!$C:$C,Geral!$C22,Rede!$AN:$AN) -> 1 | BL22: =BK22/BJ22 -> 1 | BM22: =BK22-BJ22 -> 0 | BN22: =IFERROR(AVERAGEIFS(Cliente!$BZ:$BZ,Cliente!$C:$C,Geral!$C22,Cliente!$BZ:$BZ,">0"),0) -> 96.735 | BO22: =COUNTIF(Cliente!$C:$C,Geral!$C22) -> 1 | BP22: =SUMIF(Rede!$C:$C,Geral!$C22,Rede!$AQ:$AQ) -> 1 | BQ22: =IFERROR(BP22/BO22,0) -> 1 | BR22: =BP22-BO22 -> 0 | BS22: =IFERROR(AVERAGEIFS(Cliente!$CB:$CB,Cliente!$C:$C,Geral!$C22,Cliente!$CB:$CB,">0"),0) -> 98.4 | BT22: =COUNTIF(Cliente!$C:$C,Geral!$C22) -> 1 | BU22: =SUMIF(Rede!$C:$C,Geral!$C22,Rede!$AT:$AT) -> 1 | BV22: =BU22/BT22 -> 1 | BW22: =BU22-BT22 -> 0 | BX22: =IFERROR(AVERAGEIFS(Cliente!$CL:$CL,Cliente!$C:$C,Geral!$C22,Cliente!$CL:$CL,">0"),0) -> 95.2 | BY22: =COUNTIF(Cliente!$C:$C,Geral!$C22) -> 1 | BZ22: =SUMIF(Rede!$C:$C,Geral!$C22,Rede!$AW:$AW) -> 1 | CA22: =BZ22/BY22 -> 1 | CB22: =BZ22-BY22 -> 0 | CC22: =IFERROR(AVERAGEIFS(Cliente!$CU:$CU,Cliente!$C:$C,Geral!$C22,Cliente!$CU:$CU,">0"),0) -> 100 | CD22: =COUNTIF(Cliente!$C:$C,Geral!$C22) -> 1 | CE22: =SUMIF(Rede!$C:$C,Geral!$C22,Rede!$AZ:$AZ) -> 1 | CF22: =CE22/CD22 -> 1 | CG22: =CE22-CD22 -> 0 | CH22: =IFERROR(AVERAGEIFS(Cliente!$DD:$DD,Cliente!$C:$C,Geral!$C22,Cliente!$DD:$DD,">0"),0) -> 100
B23: TT | F23: =SUM(F15:F22) -> 14 | G23: =SUBTOTAL(9,G15:G22) -> 71 | H23: =SUM(H15:H22) -> 58 | I23: =IFERROR(H23/G23,0) -> 0.81690141 | J23: =H23-G23 -> -13 | K23: =K8 -> 63.814401 | L23: =SUM(L15:L22) -> 71 | M23: =SUM(M15:M22) -> 67 | N23: =M23/L23 -> 0.94366197 | O23: =M23-L23 -> -4 | P23: =P8 -> 61.70153 | Q23: =SUM(Q15:Q22) -> 71 | R23: =SUM(R15:R22) -> 65 | S23: =R23/Q23 -> 0.91549296 | T23: =R23-Q23 -> -6 | U23: =U8 -> 65.5923 | V23: =SUM(V15:V22) -> 71 | W23: =SUM(W15:W22) -> 68 | X23: =IFERROR(W23/V23,0) -> 0.95774648 | Y23: =W23-V23 -> -3 | Z23: =Z8 -> 75.672451 | AA23: =SUBTOTAL(9,AA15:AA22) -> 71 | AB23: =SUM(AB15:AB22) -> 47 | AC23: =IFERROR(AB23/AA23,0) -> 0.66197183 | AD23: =AB23-AA23 -> -24 | AE23: =AE8 -> 52.335566 | AF23: =SUM(AF15:AF22) -> 71 | AG23: =SUM(AG15:AG22) -> 58 | AH23: =AG23/AF23 -> 0.81690141 | AI23: =AG23-AF23 -> -13 | AJ23: =AJ8 -> 80.4 | AK23: =SUM(AK15:AK22) -> 71 | AL23: =SUM(AL15:AL22) -> 59 | AM23: =AL23/AK23 -> 0.83098592 | AN23: =AL23-AK23 -> -12 | AO23: =AO8 -> 80.4 | AP23: =SUM(AP15:AP22) -> 71 | AQ23: =SUM(AQ15:AQ22) -> 63 | AR23: =AQ23/AP23 -> 0.88732394 | AS23: =AQ23-AP23 -> -8 | AT23: =AT8 -> 69.654891 | AU23: =SUBTOTAL(9,AU15:AU22) -> 71 | AV23: =SUM(AV15:AV22) -> 50 | AW23: =IFERROR(AV23/AU23,0) -> 0.70422535 | AX23: =AV23-AU23 -> -21 | AY23: =AVERAGE(BD23,BI23,BN23) -> 81.127772 | AZ23: =SUM(AZ15:AZ22) -> 71 | BA23: =SUM(BA15:BA22) -> 63 | BB23: =BA23/AZ23 -> 0.88732394 | BC23: =BA23-AZ23 -> -8 | BD23: =Cliente!$BL$2 -> 72.09254 | BE23: =SUM(BE15:BE22) -> 71 | BF23: =SUM(BF15:BF22) -> 58 | BG23: =BF23/BE23 -> 0.81690141 | BH23: =BF23-BE23 -> -13 | BI23: =Cliente!$BS$2 -> 84.198103 | BJ23: =SUM(BJ15:BJ22) -> 71 | BK23: =SUM(BK15:BK22) -> 58 | BL23: =BK23/BJ23 -> 0.81690141 | BM23: =BK23-BJ23 -> -13 | BN23: =Cliente!$BZ$2 -> 87.092672 | BO23: =SUBTOTAL(9,BO15:BO22) -> 71 | BP23: =SUM(BP15:BP22) -> 30 | BQ23: =IFERROR(BP23/BO23,0) -> 0.42253521 | BR23: =BP23-BO23 -> -41 | BS23: =Cliente!$CB$2 -> 89.555484 | BT23: =SUM(BT15:BT22) -> 71 | BU23: =SUM(BU15:BU22) -> 58 | BV23: =BU23/BT23 -> 0.81690141 | BW23: =BU23-BT23 -> -13 | BX23: =Cliente!$CL$2 -> 88.177759 | BY23: =SUM(BY15:BY22) -> 71 | BZ23: =SUM(BZ15:BZ22) -> 57 | CA23: =BZ23/BY23 -> 0.8028169 | CB23: =BZ23-BY23 -> -14 | CC23: =Cliente!$CU$2 -> 90.117368 | CD23: =SUM(CD15:CD22) -> 71 | CE23: =SUM(CE15:CE22) -> 34 | CF23: =CE23/CD23 -> 0.47887324 | CG23: =CE23-CD23 -> -37 | CH23: =Cliente!$DD$2 -> 90.371324

Sheet Rede
E3: SOMA: | F3: =SUM(F6:F19) -> 71 | G3: =SUM(G6:G19) -> 58 | H3: =Cliente!L2 -> 63.814401 | I3: =SUM(I6:I19) -> 71 | J3: =SUM(J6:J19) -> 67 | K3: =Cliente!S2 -> 61.70153 | L3: =SUM(L6:L19) -> 71 | M3: =SUM(M6:M19) -> 65 | N3: =Cliente!Y2 -> 65.5923 | O3: =SUM(O6:O19) -> 71 | P3: =SUM(P6:P19) -> 68 | Q3: =Cliente!AE2 -> 75.672451 | R3: =SUM(R6:R19) -> 71 | S3: =SUM(S6:S19) -> 47 | T3: =Cliente!AG2 -> 52.335566 | U3: =SUM(U6:U19) -> 71 | V3: =SUM(V6:V19) -> 58 | W3: =Cliente!AN2 -> 62.570854 | X3: =SUM(X6:X19) -> 71 | Y3: =SUM(Y6:Y19) -> 59 | Z3: =Cliente!AU2 -> 60.757738 | AA3: =SUM(AA6:AA19) -> 71 | AB3: =SUM(AB6:AB19) -> 63 | AC3: =Cliente!BB2 -> 69.654891 | AD3: =SUM(AD6:AD19) -> 71 | AE3: =SUM(AE6:AE19) -> 50 | AF3: =Cliente!BF2 -> 42 | AG3: =SUM(AG6:AG19) -> 71 | AH3: =SUM(AH6:AH19) -> 63 | AI3: =Cliente!BL2 -> 72.09254 | AJ3: =SUM(AJ6:AJ19) -> 71 | AK3: =SUM(AK6:AK19) -> 58 | AL3: =Cliente!BS2 -> 84.198103 | AM3: =SUM(AM6:AM19) -> 71 | AN3: =SUM(AN6:AN19) -> 58 | AO3: =Cliente!BZ2 -> 87.092672 | AP3: =SUM(AP6:AP19) -> 71 | AQ3: =SUM(AQ6:AQ19) -> 30 | AR3: =Cliente!CB2 -> 89.555484 | AS3: =SUM(AS6:AS19) -> 71 | AT3: =SUM(AT6:AT19) -> 58 | AU3: =Cliente!CL2 -> 88.177759 | AV3: =SUM(AV6:AV19) -> 71 | AW3: =SUM(AW6:AW19) -> 57 | AX3: =Cliente!CU2 -> 90.117368 | AY3: =SUM(AY6:AY19) -> 71 | AZ3: =SUM(AZ6:AZ19) -> 34 | BA3: =Cliente!DD2 -> 90.371324
F4: Q1 - JUL A SET 25 | I4: JULHO 2025 | L4: AGOSTO 2025 | O4: SETEMBRO 2025 | R4: Q2 - OUT A DEZ 25 | U4: OUTUBRO 2025 | X4: NOVEMBRO 2025 | AA4: DEZEMBRO 2025 | AD4: Q3 - JAN A MAR 26 | AG4: JANEIRO 2026 | AJ4: FEVEREIRO 2026 | AM4: MARÇO 2026 | AP4: Q4 - ABR A JUN 26 | AS4: ABRIL 2026 | AV4: MAIO 2026 | AY4: JUNHO 2026
B5: EQUIPE | C5: CÓD | D5: ÁREA | E5: REDE | F5: LOJAS | G5: AUDITADA TRIMESTRE | H5: MÉDIA P/ REDE | I5: LOJAS | J5: AUDITADA | K5: MÉDIA P/ REDE | L5: LOJAS | M5: AUDITADA | N5: MÉDIA P/ REDE | O5: LOJAS | P5: AUDITADA | Q5: MÉDIA P/ REDE | R5: LOJAS | S5: AUDITADA TRIMESTRE | T5: MÉDIA P/ REDE | U5: LOJAS | V5: AUDITADA | W5: MÉDIA P/ REDE | X5: LOJAS | Y5: AUDITADA | Z5: MÉDIA P/ REDE | AA5: LOJAS | AB5: AUDITADA | AC5: MÉDIA P/ REDE | AD5: LOJAS | AE5: AUDITADA TRIMESTRE | AF5: MÉDIA P/ REDE | AG5: LOJAS | AH5: AUDITADA | AI5: MÉDIA P/ REDE | AJ5: LOJAS | AK5: AUDITADA | AL5: MÉDIA P/ REDE | AM5: LOJAS | AN5: AUDITADA | AO5: MÉDIA P/ REDE | AP5: LOJAS | AQ5: AUDITADA TRIMESTRE | AR5: MÉDIA P/ REDE | AS5: LOJAS | AT5: AUDITADA | AU5: MÉDIA P/ REDE | AV5: LOJAS | AW5: AUDITADA | AX5: MÉDIA P/ REDE | AY5: LOJAS | AZ5: AUDITADA | BA5: MÉDIA P/ REDE
B6: FLP-SUL MC/KA D | C6: 771 | D6: MC-FLP D | E6: REDE HIPER SELECT | F6: =COUNTIF(Cliente!$K:$K,Rede!$E6) -> 3 | G6: =SUMIF(Cliente!$K:$K,Rede!$E6,Cliente!$M:$M) -> 3 | H6: =IFERROR(AVERAGE(K6,N6,Q6),"") -> 50.060278 | I6: =COUNTIF(Cliente!$K:$K,Rede!$E6) -> 3 | J6: =COUNTIFS(Cliente!$K:$K,Rede!$E6,Cliente!$S:$S,">=0,01") -> 3 | K6: =IFERROR(AVERAGEIFS(Cliente!$S:$S,Cliente!$K:$K,Rede!$E6,Cliente!$S:$S,">0"),0) -> 32.814167 | L6: =COUNTIF(Cliente!$K:$K,Rede!$E6) -> 3 | M6: =COUNTIFS(Cliente!$K:$K,Rede!$E6,Cliente!$Y:$Y,">=0,01") -> 3 | N6: =IFERROR(AVERAGEIFS(Cliente!$Y:$Y,Cliente!$K:$K,Rede!$E6,Cliente!$Y:$Y,">0"),0) -> 46.045 | O6: =COUNTIF(Cliente!$K:$K,Rede!$E6) -> 3 | P6: =COUNTIFS(Cliente!$K:$K,Rede!$E6,Cliente!$AE:$AE,">=0,01") -> 3 | Q6: =IFERROR(AVERAGEIFS(Cliente!$AE:$AE,Cliente!$K:$K,Rede!$E6,Cliente!$AE:$AE,">0"),0) -> 71.321667 | R6: =COUNTIF(Cliente!$K:$K,Rede!$E6) -> 3 | S6: =SUMIF(Cliente!$K:$K,Rede!$E6,Cliente!$AH:$AH) -> 0 | T6: =IFERROR(AVERAGE(W6,Z6,AC6),"") -> 19.734167 | U6: =COUNTIF(Cliente!$K:$K,Rede!$E6) -> 3 | V6: =COUNTIFS(Cliente!$K:$K,Rede!$E6,Cliente!$AN:$AN,">=0,01") -> 2 | W6: =IFERROR(AVERAGEIFS(Cliente!$AN:$AN,Cliente!$K:$K,Rede!$E6,Cliente!AN:AN,">0"),0) -> 59.2025 | X6: =COUNTIF(Cliente!$K:$K,Rede!$E6) -> 3 | Y6: =COUNTIFS(Cliente!$K:$K,Rede!$E6,Cliente!$AU:$AU,">=0,01") -> 0 | Z6: =IFERROR(AVERAGEIFS(Cliente!$AU:$AU,Cliente!$K:$K,Rede!$E6,Cliente!$AU:$AU,">0"),0) -> 0 | AA6: =COUNTIF(Cliente!$K:$K,Rede!$E6) -> 3 | AB6: =COUNTIFS(Cliente!$K:$K,Rede!$E6,Cliente!$BB:$BB,">=0,01") -> 0 | AC6: =IFERROR(AVERAGEIFS(Cliente!$BB:$BB,Cliente!$K:$K,Rede!$E6,Cliente!$BB:$BB,">0"),0) -> 0 | AD6: =COUNTIF(Cliente!$K:$K,Rede!$E6) -> 3 | AE6: =SUMIF(Cliente!$K:$K,Rede!$E6,Cliente!$BE:$BE) -> 1 | AF6: =IFERROR(AVERAGE(AI6,AL6,AO6),"") -> 78.904167 | AG6: =COUNTIF(Cliente!$K:$K,Rede!$E6) -> 3 | AH6: =COUNTIFS(Cliente!$K:$K,Rede!$E6,Cliente!$BL:$BL,">=0,01") -> 2 | AI6: =IFERROR(AVERAGEIFS(Cliente!$BL:$BL,Cliente!$K:$K,Rede!$E6,Cliente!$BL:$BL,">0"),0) -> 71.7125 | AJ6: =COUNTIF(Cliente!$K:$K,Rede!$E6) -> 3 | AK6: =COUNTIFS(Cliente!$K:$K,Rede!$E6,Cliente!$BS:$BS,">=0,01") -> 2 | AL6: =IFERROR(AVERAGEIFS(Cliente!$BS:$BS,Cliente!$K:$K,Rede!$E6,Cliente!$BS:$BS,">0"),0) -> 79.4 | AM6: =COUNTIF(Cliente!$K:$K,Rede!$E6) -> 3 | AN6: =COUNTIFS(Cliente!$K:$K,Rede!$E6,Cliente!$BZ:$BZ,">=0,01") -> 1 | AO6: =IFERROR(AVERAGEIFS(Cliente!$BZ:$BZ,Cliente!$K:$K,Rede!$E6,Cliente!$BZ:$BZ,">0"),0) -> 85.6 | AP6: =COUNTIF(Cliente!$K:$K,Rede!$E6) -> 3 | AQ6: =SUMIF(Cliente!$K:$K,Rede!$E6,Cliente!$CC:$CC) -> 0 | AR6: =IFERROR(AVERAGE(AU6,AX6,BA6),"") -> 25.95 | AS6: =COUNTIF(Cliente!$K:$K,Rede!$E6) -> 3 | AT6: =COUNTIFS(Cliente!$K:$K,Rede!$E6,Cliente!$CL:$CL,">=0,01") -> 0 | AU6: =IFERROR(AVERAGEIFS(Cliente!$CL:$CL,Cliente!$K:$K,Rede!$E6,Cliente!$CL:$CL,">0"),0) -> 0 | AV6: =COUNTIF(Cliente!$K:$K,Rede!$E6) -> 3 | AW6: =COUNTIFS(Cliente!$K:$K,Rede!$E6,Cliente!$CU:$CU,">=0,01") -> 0 | AX6: =IFERROR(AVERAGEIFS(Cliente!$CU:$CU,Cliente!$K:$K,Rede!$E6,Cliente!$CU:$CU,">0"),0) -> 0 | AY6: =COUNTIF(Cliente!$K:$K,Rede!$E6) -> 3 | AZ6: =COUNTIFS(Cliente!$K:$K,Rede!$E6,Cliente!$DD:$DD,">=0,01") -> 1 | BA6: =IFERROR(AVERAGEIFS(Cliente!$DD:$DD,Cliente!$K:$K,Rede!$E6,Cliente!$DD:$DD,">0"),0) -> 77.85
B7: FLP-SUL MC/KA D | C7: 3919 | D7: MC-TBCR D | E7: REDE SM ROSSO | F7: =COUNTIF(Cliente!$K:$K,Rede!$E7) -> 6 | G7: =SUMIF(Cliente!$K:$K,Rede!$E7,Cliente!$M:$M) -> 4 | H7: =IFERROR(AVERAGE(K7,N7,Q7),"") -> 63.867 | I7: =COUNTIF(Cliente!$K:$K,Rede!$E7) -> 6 | J7: =COUNTIFS(Cliente!$K:$K,Rede!$E7,Cliente!$S:$S,">=0,01") -> 5 | K7: =IFERROR(AVERAGEIFS(Cliente!$S:$S,Cliente!$K:$K,Rede!$E7,Cliente!$S:$S,">0"),0) -> 58.7225 | L7: =COUNTIF(Cliente!$K:$K,Rede!$E7) -> 6 | M7: =COUNTIFS(Cliente!$K:$K,Rede!$E7,Cliente!$Y:$Y,">=0,01") -> 5 | N7: =IFERROR(AVERAGEIFS(Cliente!$Y:$Y,Cliente!$K:$K,Rede!$E7,Cliente!$Y:$Y,">0"),0) -> 57.411 | O7: =COUNTIF(Cliente!$K:$K,Rede!$E7) -> 6 | P7: =COUNTIFS(Cliente!$K:$K,Rede!$E7,Cliente!$AE:$AE,">=0,01") -> 6 | Q7: =IFERROR(AVERAGEIFS(Cliente!$AE:$AE,Cliente!$K:$K,Rede!$E7,Cliente!$AE:$AE,">0"),0) -> 75.4675 | R7: =COUNTIF(Cliente!$K:$K,Rede!$E7) -> 6 | S7: =SUMIF(Cliente!$K:$K,Rede!$E7,Cliente!$AH:$AH) -> 4 | T7: =IFERROR(AVERAGE(W7,Z7,AC7),"") -> 64.332667 | U7: =COUNTIF(Cliente!$K:$K,Rede!$E7) -> 6 | V7: =COUNTIFS(Cliente!$K:$K,Rede!$E7,Cliente!$AN:$AN,">=0,01") -> 5 | W7: =IFERROR(AVERAGEIFS(Cliente!$AN:$AN,Cliente!$K:$K,Rede!$E7,Cliente!AN:AN,">0"),0) -> 57.095 | X7: =COUNTIF(Cliente!$K:$K,Rede!$E7) -> 6 | Y7: =COUNTIFS(Cliente!$K:$K,Rede!$E7,Cliente!$AU:$AU,">=0,01") -> 5 | Z7: =IFERROR(AVERAGEIFS(Cliente!$AU:$AU,Cliente!$K:$K,Rede!$E7,Cliente!$AU:$AU,">0"),0) -> 65.596 | AA7: =COUNTIF(Cliente!$K:$K,Rede!$E7) -> 6 | AB7: =COUNTIFS(Cliente!$K:$K,Rede!$E7,Cliente!$BB:$BB,">=0,01") -> 5 | AC7: =IFERROR(AVERAGEIFS(Cliente!$BB:$BB,Cliente!$K:$K,Rede!$E7,Cliente!$BB:$BB,">0"),0) -> 70.307 | AD7: =COUNTIF(Cliente!$K:$K,Rede!$E7) -> 6 | AE7: =SUMIF(Cliente!$K:$K,Rede!$E7,Cliente!$BE:$BE) -> 6 | AF7: =IFERROR(AVERAGE(AI7,AL7,AO7),"") -> 76.6425 | AG7: =COUNTIF(Cliente!$K:$K,Rede!$E7) -> 6 | AH7: =COUNTIFS(Cliente!$K:$K,Rede!$E7,Cliente!$BL:$BL,">=0,01") -> 6 | AI7: =IFERROR(AVERAGEIFS(Cliente!$BL:$BL,Cliente!$K:$K,Rede!$E7,Cliente!$BL:$BL,">0"),0) -> 72.395833 | AJ7: =COUNTIF(Cliente!$K:$K,Rede!$E7) -> 6 | AK7: =COUNTIFS(Cliente!$K:$K,Rede!$E7,Cliente!$BS:$BS,">=0,01") -> 6 | AL7: =IFERROR(AVERAGEIFS(Cliente!$BS:$BS,Cliente!$K:$K,Rede!$E7,Cliente!$BS:$BS,">0"),0) -> 79.9625 | AM7: =COUNTIF(Cliente!$K:$K,Rede!$E7) -> 6 | AN7: =COUNTIFS(Cliente!$K:$K,Rede!$E7,Cliente!$BZ:$BZ,">=0,01") -> 6 | AO7: =IFERROR(AVERAGEIFS(Cliente!$BZ:$BZ,Cliente!$K:$K,Rede!$E7,Cliente!$BZ:$BZ,">0"),0) -> 77.569167 | AP7: =COUNTIF(Cliente!$K:$K,Rede!$E7) -> 6 | AQ7: =SUMIF(Cliente!$K:$K,Rede!$E7,Cliente!$CC:$CC) -> 4 | AR7: =IFERROR(AVERAGE(AU7,AX7,BA7),"") -> 82.718889 | AS7: =COUNTIF(Cliente!$K:$K,Rede!$E7) -> 6 | AT7: =COUNTIFS(Cliente!$K:$K,Rede!$E7,Cliente!$CL:$CL,">=0,01") -> 6 | AU7: =IFERROR(AVERAGEIFS(Cliente!$CL:$CL,Cliente!$K:$K,Rede!$E7,Cliente!$CL:$CL,">0"),0) -> 79.106667 | AV7: =COUNTIF(Cliente!$K:$K,Rede!$E7) -> 6 | AW7: =COUNTIFS(Cliente!$K:$K,Rede!$E7,Cliente!$CU:$CU,">=0,01") -> 6 | AX7: =IFERROR(AVERAGEIFS(Cliente!$CU:$CU,Cliente!$K:$K,Rede!$E7,Cliente!$CU:$CU,">0"),0) -> 87.325 | AY7: =COUNTIF(Cliente!$K:$K,Rede!$E7) -> 6 | AZ7: =COUNTIFS(Cliente!$K:$K,Rede!$E7,Cliente!$DD:$DD,">=0,01") -> 4 | BA7: =IFERROR(AVERAGEIFS(Cliente!$DD:$DD,Cliente!$K:$K,Rede!$E7,Cliente!$DD:$DD,">0"),0) -> 81.725
B8: FLP-SUL MC/KA D | C8: 3919 | D8: MC-TBCR D | E8: REDE MANENTI | F8: =COUNTIF(Cliente!$K:$K,Rede!$E8) -> 10 | G8: =SUMIF(Cliente!$K:$K,Rede!$E8,Cliente!$M:$M) -> 7 | H8: =IFERROR(AVERAGE(K8,N8,Q8),"") -> 66.68656 | I8: =COUNTIF(Cliente!$K:$K,Rede!$E8) -> 10 | J8: =COUNTIFS(Cliente!$K:$K,Rede!$E8,Cliente!$S:$S,">=0,01") -> 9 | K8: =IFERROR(AVERAGEIFS(Cliente!$S:$S,Cliente!$K:$K,Rede!$E8,Cliente!$S:$S,">0"),0) -> 52.750556 | L8: =COUNTIF(Cliente!$K:$K,Rede!$E8) -> 10 | M8: =COUNTIFS(Cliente!$K:$K,Rede!$E8,Cliente!$Y:$Y,">=0,01") -> 10 | N8: =IFERROR(AVERAGEIFS(Cliente!$Y:$Y,Cliente!$K:$K,Rede!$E8,Cliente!$Y:$Y,">0"),0) -> 68.66725 | O8: =COUNTIF(Cliente!$K:$K,Rede!$E8) -> 10 | P8: =COUNTIFS(Cliente!$K:$K,Rede!$E8,Cliente!$AE:$AE,">=0,01") -> 8 | Q8: =IFERROR(AVERAGEIFS(Cliente!$AE:$AE,Cliente!$K:$K,Rede!$E8,Cliente!$AE:$AE,">0"),0) -> 78.641875 | R8: =COUNTIF(Cliente!$K:$K,Rede!$E8) -> 10 | S8: =SUMIF(Cliente!$K:$K,Rede!$E8,Cliente!$AH:$AH) -> 5 | T8: =IFERROR(AVERAGE(W8,Z8,AC8),"") -> 62.234024 | U8: =COUNTIF(Cliente!$K:$K,Rede!$E8) -> 10 | V8: =COUNTIFS(Cliente!$K:$K,Rede!$E8,Cliente!$AN:$AN,">=0,01") -> 7 | W8: =IFERROR(AVERAGEIFS(Cliente!$AN:$AN,Cliente!$K:$K,Rede!$E8,Cliente!AN:AN,">0"),0) -> 66.65 | X8: =COUNTIF(Cliente!$K:$K,Rede!$E8) -> 10 | Y8: =COUNTIFS(Cliente!$K:$K,Rede!$E8,Cliente!$AU:$AU,">=0,01") -> 7 | Z8: =IFERROR(AVERAGEIFS(Cliente!$AU:$AU,Cliente!$K:$K,Rede!$E8,Cliente!$AU:$AU,">0"),0) -> 61.813571 | AA8: =COUNTIF(Cliente!$K:$K,Rede!$E8) -> 10 | AB8: =COUNTIFS(Cliente!$K:$K,Rede!$E8,Cliente!$BB:$BB,">=0,01") -> 10 | AC8: =IFERROR(AVERAGEIFS(Cliente!$BB:$BB,Cliente!$K:$K,Rede!$E8,Cliente!$BB:$BB,">0"),0) -> 58.2385 | AD8: =COUNTIF(Cliente!$K:$K,Rede!$E8) -> 10 | AE8: =SUMIF(Cliente!$K:$K,Rede!$E8,Cliente!$BE:$BE) -> 7 | AF8: =IFERROR(AVERAGE(AI8,AL8,AO8),"") -> 82.43 | AG8: =COUNTIF(Cliente!$K:$K,Rede!$E8) -> 10 | AH8: =COUNTIFS(Cliente!$K:$K,Rede!$E8,Cliente!$BL:$BL,">=0,01") -> 10 | AI8: =IFERROR(AVERAGEIFS(Cliente!$BL:$BL,Cliente!$K:$K,Rede!$E8,Cliente!$BL:$BL,">0"),0) -> 75.9475 | AJ8: =COUNTIF(Cliente!$K:$K,Rede!$E8) -> 10 | AK8: =COUNTIFS(Cliente!$K:$K,Rede!$E8,Cliente!$BS:$BS,">=0,01") -> 10 | AL8: =IFERROR(AVERAGEIFS(Cliente!$BS:$BS,Cliente!$K:$K,Rede!$E8,Cliente!$BS:$BS,">0"),0) -> 86.4425 | AM8: =COUNTIF(Cliente!$K:$K,Rede!$E8) -> 10 | AN8: =COUNTIFS(Cliente!$K:$K,Rede!$E8,Cliente!$BZ:$BZ,">=0,01") -> 10 | AO8: =IFERROR(AVERAGEIFS(Cliente!$BZ:$BZ,Cliente!$K:$K,Rede!$E8,Cliente!$BZ:$BZ,">0"),0) -> 84.9 | AP8: =COUNTIF(Cliente!$K:$K,Rede!$E8) -> 10 | AQ8: =SUMIF(Cliente!$K:$K,Rede!$E8,Cliente!$CC:$CC) -> 9 | AR8: =IFERROR(AVERAGE(AU8,AX8,BA8),"") -> 90.555981 | AS8: =COUNTIF(Cliente!$K:$K,Rede!$E8) -> 10 | AT8: =COUNTIFS(Cliente!$K:$K,Rede!$E8,Cliente!$CL:$CL,">=0,01") -> 10 | AU8: =IFERROR(AVERAGEIFS(Cliente!$CL:$CL,Cliente!$K:$K,Rede!$E8,Cliente!$CL:$CL,">0"),0) -> 90.261 | AV8: =COUNTIF(Cliente!$K:$K,Rede!$E8) -> 10 | AW8: =COUNTIFS(Cliente!$K:$K,Rede!$E8,Cliente!$CU:$CU,">=0,01") -> 10 | AX8: =IFERROR(AVERAGEIFS(Cliente!$CU:$CU,Cliente!$K:$K,Rede!$E8,Cliente!$CU:$CU,">0"),0) -> 93.5125 | AY8: =COUNTIF(Cliente!$K:$K,Rede!$E8) -> 10 | AZ8: =COUNTIFS(Cliente!$K:$K,Rede!$E8,Cliente!$DD:$DD,">=0,01") -> 9 | BA8: =IFERROR(AVERAGEIFS(Cliente!$DD:$DD,Cliente!$K:$K,Rede!$E8,Cliente!$DD:$DD,">0"),0) -> 87.894444
B9: FLP-SUL MC/KA D | C9: 3919 | D9: MC-TBCR D | E9: REDE VENCEDOR | F9: =COUNTIF(Cliente!$K:$K,Rede!$E9) -> 1 | G9: =SUMIF(Cliente!$K:$K,Rede!$E9,Cliente!$M:$M) -> 1 | H9: =IFERROR(AVERAGE(K9,N9,Q9),"") -> 72.59 | I9: =COUNTIF(Cliente!$K:$K,Rede!$E9) -> 1 | J9: =COUNTIFS(Cliente!$K:$K,Rede!$E9,Cliente!$S:$S,">=0,01") -> 1 | K9: =IFERROR(AVERAGEIFS(Cliente!$S:$S,Cliente!$K:$K,Rede!$E9,Cliente!$S:$S,">0"),0) -> 67.93 | L9: =COUNTIF(Cliente!$K:$K,Rede!$E9) -> 1 | M9: =COUNTIFS(Cliente!$K:$K,Rede!$E9,Cliente!$Y:$Y,">=0,01") -> 1 | N9: =IFERROR(AVERAGEIFS(Cliente!$Y:$Y,Cliente!$K:$K,Rede!$E9,Cliente!$Y:$Y,">0"),0) -> 69.63 | O9: =COUNTIF(Cliente!$K:$K,Rede!$E9) -> 1 | P9: =COUNTIFS(Cliente!$K:$K,Rede!$E9,Cliente!$AE:$AE,">=0,01") -> 1 | Q9: =IFERROR(AVERAGEIFS(Cliente!$AE:$AE,Cliente!$K:$K,Rede!$E9,Cliente!$AE:$AE,">0"),0) -> 80.21 | R9: =COUNTIF(Cliente!$K:$K,Rede!$E9) -> 1 | S9: =SUMIF(Cliente!$K:$K,Rede!$E9,Cliente!$AH:$AH) -> 0 | T9: =IFERROR(AVERAGE(W9,Z9,AC9),"") -> 41.811667 | U9: =COUNTIF(Cliente!$K:$K,Rede!$E9) -> 1 | V9: =COUNTIFS(Cliente!$K:$K,Rede!$E9,Cliente!$AN:$AN,">=0,01") -> 0 | W9: =IFERROR(AVERAGEIFS(Cliente!$AN:$AN,Cliente!$K:$K,Rede!$E9,Cliente!AN:AN,">0"),0) -> 0 | X9: =COUNTIF(Cliente!$K:$K,Rede!$E9) -> 1 | Y9: =COUNTIFS(Cliente!$K:$K,Rede!$E9,Cliente!$AU:$AU,">=0,01") -> 1 | Z9: =IFERROR(AVERAGEIFS(Cliente!$AU:$AU,Cliente!$K:$K,Rede!$E9,Cliente!$AU:$AU,">0"),0) -> 57.45 | AA9: =COUNTIF(Cliente!$K:$K,Rede!$E9) -> 1 | AB9: =COUNTIFS(Cliente!$K:$K,Rede!$E9,Cliente!$BB:$BB,">=0,01") -> 1 | AC9: =IFERROR(AVERAGEIFS(Cliente!$BB:$BB,Cliente!$K:$K,Rede!$E9,Cliente!$BB:$BB,">0"),0) -> 67.985 | AD9: =COUNTIF(Cliente!$K:$K,Rede!$E9) -> 1 | AE9: =SUMIF(Cliente!$K:$K,Rede!$E9,Cliente!$BE:$BE) -> 0 | AF9: =IFERROR(AVERAGE(AI9,AL9,AO9),"") -> 49.545 | AG9: =COUNTIF(Cliente!$K:$K,Rede!$E9) -> 1 | AH9: =COUNTIFS(Cliente!$K:$K,Rede!$E9,Cliente!$BL:$BL,">=0,01") -> 1 | AI9: =IFERROR(AVERAGEIFS(Cliente!$BL:$BL,Cliente!$K:$K,Rede!$E9,Cliente!$BL:$BL,">0"),0) -> 65.385 | AJ9: =COUNTIF(Cliente!$K:$K,Rede!$E9) -> 1 | AK9: =COUNTIFS(Cliente!$K:$K,Rede!$E9,Cliente!$BS:$BS,">=0,01") -> 1 | AL9: =IFERROR(AVERAGEIFS(Cliente!$BS:$BS,Cliente!$K:$K,Rede!$E9,Cliente!$BS:$BS,">0"),0) -> 83.25 | AM9: =COUNTIF(Cliente!$K:$K,Rede!$E9) -> 1 | AN9: =COUNTIFS(Cliente!$K:$K,Rede!$E9,Cliente!$BZ:$BZ,">=0,01") -> 0 | AO9: =IFERROR(AVERAGEIFS(Cliente!$BZ:$BZ,Cliente!$K:$K,Rede!$E9,Cliente!$BZ:$BZ,">0"),0) -> 0 | AP9: =COUNTIF(Cliente!$K:$K,Rede!$E9) -> 1 | AQ9: =SUMIF(Cliente!$K:$K,Rede!$E9,Cliente!$CC:$CC) -> 1 | AR9: =IFERROR(AVERAGE(AU9,AX9,BA9),"") -> 80.325 | AS9: =COUNTIF(Cliente!$K:$K,Rede!$E9) -> 1 | AT9: =COUNTIFS(Cliente!$K:$K,Rede!$E9,Cliente!$CL:$CL,">=0,01") -> 1 | AU9: =IFERROR(AVERAGEIFS(Cliente!$CL:$CL,Cliente!$K:$K,Rede!$E9,Cliente!$CL:$CL,">0"),0) -> 85.25 | AV9: =COUNTIF(Cliente!$K:$K,Rede!$E9) -> 1 | AW9: =COUNTIFS(Cliente!$K:$K,Rede!$E9,Cliente!$CU:$CU,">=0,01") -> 1 | AX9: =IFERROR(AVERAGEIFS(Cliente!$CU:$CU,Cliente!$K:$K,Rede!$E9,Cliente!$CU:$CU,">0"),0) -> 76.875 | AY9: =COUNTIF(Cliente!$K:$K,Rede!$E9) -> 1 | AZ9: =COUNTIFS(Cliente!$K:$K,Rede!$E9,Cliente!$DD:$DD,">=0,01") -> 1 | BA9: =IFERROR(AVERAGEIFS(Cliente!$DD:$DD,Cliente!$K:$K,Rede!$E9,Cliente!$DD:$DD,">0"),0) -> 78.85
B10: FLP-SUL MC/KA D | C10: 3919 | D10: MC-TBCR D | E10: REDE ABIMAR | F10: =COUNTIF(Cliente!$K:$K,Rede!$E10) -> 3 | G10: =SUMIF(Cliente!$K:$K,Rede!$E10,Cliente!$M:$M) -> 1 | H10: =IFERROR(AVERAGE(K10,N10,Q10),"") -> 59.575 | I10: =COUNTIF(Cliente!$K:$K,Rede!$E10) -> 3 | J10: =COUNTIFS(Cliente!$K:$K,Rede!$E10,Cliente!$S:$S,">=0,01") -> 2 | K10: =IFERROR(AVERAGEIFS(Cliente!$S:$S,Cliente!$K:$K,Rede!$E10,Cliente!$S:$S,">0"),0) -> 43.525 | L10: =COUNTIF(Cliente!$K:$K,Rede!$E10) -> 3 | M10: =COUNTIFS(Cliente!$K:$K,Rede!$E10,Cliente!$Y:$Y,">=0,01") -> 3 | N10: =IFERROR(AVERAGEIFS(Cliente!$Y:$Y,Cliente!$K:$K,Rede!$E10,Cliente!$Y:$Y,">0"),0) -> 56.6775 | O10: =COUNTIF(Cliente!$K:$K,Rede!$E10) -> 3 | P10: =COUNTIFS(Cliente!$K:$K,Rede!$E10,Cliente!$AE:$AE,">=0,01") -> 2 | Q10: =IFERROR(AVERAGEIFS(Cliente!$AE:$AE,Cliente!$K:$K,Rede!$E10,Cliente!$AE:$AE,">0"),0) -> 78.5225 | R10: =COUNTIF(Cliente!$K:$K,Rede!$E10) -> 3 | S10: =SUMIF(Cliente!$K:$K,Rede!$E10,Cliente!$AH:$AH) -> 1 | T10: =IFERROR(AVERAGE(W10,Z10,AC10),"") -> 65.767222 | U10: =COUNTIF(Cliente!$K:$K,Rede!$E10) -> 3 | V10: =COUNTIFS(Cliente!$K:$K,Rede!$E10,Cliente!$AN:$AN,">=0,01") -> 2 | W10: =IFERROR(AVERAGEIFS(Cliente!$AN:$AN,Cliente!$K:$K,Rede!$E10,Cliente!AN:AN,">0"),0) -> 64.425 | X10: =COUNTIF(Cliente!$K:$K,Rede!$E10) -> 3 | Y10: =COUNTIFS(Cliente!$K:$K,Rede!$E10,Cliente!$AU:$AU,">=0,01") -> 1 | Z10: =IFERROR(AVERAGEIFS(Cliente!$AU:$AU,Cliente!$K:$K,Rede!$E10,Cliente!$AU:$AU,">0"),0) -> 66.105 | AA10: =COUNTIF(Cliente!$K:$K,Rede!$E10) -> 3 | AB10: =COUNTIFS(Cliente!$K:$K,Rede!$E10,Cliente!$BB:$BB,">=0,01") -> 3 | AC10: =IFERROR(AVERAGEIFS(Cliente!$BB:$BB,Cliente!$K:$K,Rede!$E10,Cliente!$BB:$BB,">0"),0) -> 66.771667 | AD10: =COUNTIF(Cliente!$K:$K,Rede!$E10) -> 3 | AE10: =SUMIF(Cliente!$K:$K,Rede!$E10,Cliente!$BE:$BE) -> 2 | AF10: =IFERROR(AVERAGE(AI10,AL10,AO10),"") -> 78.611111 | AG10: =COUNTIF(Cliente!$K:$K,Rede!$E10) -> 3 | AH10: =COUNTIFS(Cliente!$K:$K,Rede!$E10,Cliente!$BL:$BL,">=0,01") -> 3 | AI10: =IFERROR(AVERAGEIFS(Cliente!$BL:$BL,Cliente!$K:$K,Rede!$E10,Cliente!$BL:$BL,">0"),0) -> 72.016667 | AJ10: =COUNTIF(Cliente!$K:$K,Rede!$E10) -> 3 | AK10: =COUNTIFS(Cliente!$K:$K,Rede!$E10,Cliente!$BS:$BS,">=0,01") -> 3 | AL10: =IFERROR(AVERAGEIFS(Cliente!$BS:$BS,Cliente!$K:$K,Rede!$E10,Cliente!$BS:$BS,">0"),0) -> 86.008333 | AM10: =COUNTIF(Cliente!$K:$K,Rede!$E10) -> 3 | AN10: =COUNTIFS(Cliente!$K:$K,Rede!$E10,Cliente!$BZ:$BZ,">=0,01") -> 3 | AO10: =IFERROR(AVERAGEIFS(Cliente!$BZ:$BZ,Cliente!$K:$K,Rede!$E10,Cliente!$BZ:$BZ,">0"),0) -> 77.808333 | AP10: =COUNTIF(Cliente!$K:$K,Rede!$E10) -> 3 | AQ10: =SUMIF(Cliente!$K:$K,Rede!$E10,Cliente!$CC:$CC) -> 1 | AR10: =IFERROR(AVERAGE(AU10,AX10,BA10),"") -> 85.775 | AS10: =COUNTIF(Cliente!$K:$K,Rede!$E10) -> 3 | AT10: =COUNTIFS(Cliente!$K:$K,Rede!$E10,Cliente!$CL:$CL,">=0,01") -> 3 | AU10: =IFERROR(AVERAGEIFS(Cliente!$CL:$CL,Cliente!$K:$K,Rede!$E10,Cliente!$CL:$CL,">0"),0) -> 87.616667 | AV10: =COUNTIF(Cliente!$K:$K,Rede!$E10) -> 3 | AW10: =COUNTIFS(Cliente!$K:$K,Rede!$E10,Cliente!$CU:$CU,">=0,01") -> 3 | AX10: =IFERROR(AVERAGEIFS(Cliente!$CU:$CU,Cliente!$K:$K,Rede!$E10,Cliente!$CU:$CU,">0"),0) -> 86.083333 | AY10: =COUNTIF(Cliente!$K:$K,Rede!$E10) -> 3 | AZ10: =COUNTIFS(Cliente!$K:$K,Rede!$E10,Cliente!$DD:$DD,">=0,01") -> 1 | BA10: =IFERROR(AVERAGEIFS(Cliente!$DD:$DD,Cliente!$K:$K,Rede!$E10,Cliente!$DD:$DD,">0"),0) -> 83.625
B11: FLP-SUL MC/KA D | C11: 3956 | D11: MC-IMB D | E11: REDE SM SILVEIRA | F11: =COUNTIF(Cliente!$K:$K,Rede!$E11) -> 3 | G11: =SUMIF(Cliente!$K:$K,Rede!$E11,Cliente!$M:$M) -> 2 | H11: =IFERROR(AVERAGE(K11,N11,Q11),"") -> 82.571111 | I11: =COUNTIF(Cliente!$K:$K,Rede!$E11) -> 3 | J11: =COUNTIFS(Cliente!$K:$K,Rede!$E11,Cliente!$S:$S,">=0,01") -> 3 | K11: =IFERROR(AVERAGEIFS(Cliente!$S:$S,Cliente!$K:$K,Rede!$E11,Cliente!$S:$S,">0"),0) -> 70.488333 | L11: =COUNTIF(Cliente!$K:$K,Rede!$E11) -> 3 | M11: =COUNTIFS(Cliente!$K:$K,Rede!$E11,Cliente!$Y:$Y,">=0,01") -> 2 | N11: =IFERROR(AVERAGEIFS(Cliente!$Y:$Y,Cliente!$K:$K,Rede!$E11,Cliente!$Y:$Y,">0"),0) -> 89.21 | O11: =COUNTIF(Cliente!$K:$K,Rede!$E11) -> 3 | P11: =COUNTIFS(Cliente!$K:$K,Rede!$E11,Cliente!$AE:$AE,">=0,01") -> 3 | Q11: =IFERROR(AVERAGEIFS(Cliente!$AE:$AE,Cliente!$K:$K,Rede!$E11,Cliente!$AE:$AE,">0"),0) -> 88.015 | R11: =COUNTIF(Cliente!$K:$K,Rede!$E11) -> 3 | S11: =SUMIF(Cliente!$K:$K,Rede!$E11,Cliente!$AH:$AH) -> 3 | T11: =IFERROR(AVERAGE(W11,Z11,AC11),"") -> 78.671111 | U11: =COUNTIF(Cliente!$K:$K,Rede!$E11) -> 3 | V11: =COUNTIFS(Cliente!$K:$K,Rede!$E11,Cliente!$AN:$AN,">=0,01") -> 3 | W11: =IFERROR(AVERAGEIFS(Cliente!$AN:$AN,Cliente!$K:$K,Rede!$E11,Cliente!AN:AN,">0"),0) -> 71.993333 | X11: =COUNTIF(Cliente!$K:$K,Rede!$E11) -> 3 | Y11: =COUNTIFS(Cliente!$K:$K,Rede!$E11,Cliente!$AU:$AU,">=0,01") -> 3 | Z11: =IFERROR(AVERAGEIFS(Cliente!$AU:$AU,Cliente!$K:$K,Rede!$E11,Cliente!$AU:$AU,">0"),0) -> 73.503333 | AA11: =COUNTIF(Cliente!$K:$K,Rede!$E11) -> 3 | AB11: =COUNTIFS(Cliente!$K:$K,Rede!$E11,Cliente!$BB:$BB,">=0,01") -> 3 | AC11: =IFERROR(AVERAGEIFS(Cliente!$BB:$BB,Cliente!$K:$K,Rede!$E11,Cliente!$BB:$BB,">0"),0) -> 90.516667 | AD11: =COUNTIF(Cliente!$K:$K,Rede!$E11) -> 3 | AE11: =SUMIF(Cliente!$K:$K,Rede!$E11,Cliente!$BE:$BE) -> 3 | AF11: =IFERROR(AVERAGE(AI11,AL11,AO11),"") -> 87.269444 | AG11: =COUNTIF(Cliente!$K:$K,Rede!$E11) -> 3 | AH11: =COUNTIFS(Cliente!$K:$K,Rede!$E11,Cliente!$BL:$BL,">=0,01") -> 3 | AI11: =IFERROR(AVERAGEIFS(Cliente!$BL:$BL,Cliente!$K:$K,Rede!$E11,Cliente!$BL:$BL,">0"),0) -> 78.608333 | AJ11: =COUNTIF(Cliente!$K:$K,Rede!$E11) -> 3 | AK11: =COUNTIFS(Cliente!$K:$K,Rede!$E11,Cliente!$BS:$BS,">=0,01") -> 3 | AL11: =IFERROR(AVERAGEIFS(Cliente!$BS:$BS,Cliente!$K:$K,Rede!$E11,Cliente!$BS:$BS,">0"),0) -> 93 | AM11: =COUNTIF(Cliente!$K:$K,Rede!$E11) -> 3 | AN11: =COUNTIFS(Cliente!$K:$K,Rede!$E11,Cliente!$BZ:$BZ,">=0,01") -> 3 | AO11: =IFERROR(AVERAGEIFS(Cliente!$BZ:$BZ,Cliente!$K:$K,Rede!$E11,Cliente!$BZ:$BZ,">0"),0) -> 90.2 | AP11: =COUNTIF(Cliente!$K:$K,Rede!$E11) -> 3 | AQ11: =SUMIF(Cliente!$K:$K,Rede!$E11,Cliente!$CC:$CC) -> 3 | AR11: =IFERROR(AVERAGE(AU11,AX11,BA11),"") -> 95.511111 | AS11: =COUNTIF(Cliente!$K:$K,Rede!$E11) -> 3 | AT11: =COUNTIFS(Cliente!$K:$K,Rede!$E11,Cliente!$CL:$CL,">=0,01") -> 3 | AU11: =IFERROR(AVERAGEIFS(Cliente!$CL:$CL,Cliente!$K:$K,Rede!$E11,Cliente!$CL:$CL,">0"),0) -> 89.6 | AV11: =COUNTIF(Cliente!$K:$K,Rede!$E11) -> 3 | AW11: =COUNTIFS(Cliente!$K:$K,Rede!$E11,Cliente!$CU:$CU,">=0,01") -> 3 | AX11: =IFERROR(AVERAGEIFS(Cliente!$CU:$CU,Cliente!$K:$K,Rede!$E11,Cliente!$CU:$CU,">0"),0) -> 98.6 | AY11: =COUNTIF(Cliente!$K:$K,Rede!$E11) -> 3 | AZ11: =COUNTIFS(Cliente!$K:$K,Rede!$E11,Cliente!$DD:$DD,">=0,01") -> 3 | BA11: =IFERROR(AVERAGEIFS(Cliente!$DD:$DD,Cliente!$K:$K,Rede!$E11,Cliente!$DD:$DD,">0"),0) -> 98.333333
B12: FLP-SUL MC/KA D | C12: 4054 | D12: MC-ARA D | E12: REDE COOPER AGRO | F12: =COUNTIF(Cliente!$K:$K,Rede!$E12) -> 3 | G12: =SUMIF(Cliente!$K:$K,Rede!$E12,Cliente!$M:$M) -> 2 | H12: =IFERROR(AVERAGE(K12,N12,Q12),"") -> 75.878056 | I12: =COUNTIF(Cliente!$K:$K,Rede!$E12) -> 3 | J12: =COUNTIFS(Cliente!$K:$K,Rede!$E12,Cliente!$S:$S,">=0,01") -> 2 | K12: =IFERROR(AVERAGEIFS(Cliente!$S:$S,Cliente!$K:$K,Rede!$E12,Cliente!$S:$S,">0"),0) -> 81.4925 | L12: =COUNTIF(Cliente!$K:$K,Rede!$E12) -> 3 | M12: =COUNTIFS(Cliente!$K:$K,Rede!$E12,Cliente!$Y:$Y,">=0,01") -> 3 | N12: =IFERROR(AVERAGEIFS(Cliente!$Y:$Y,Cliente!$K:$K,Rede!$E12,Cliente!$Y:$Y,">0"),0) -> 69.53 | O12: =COUNTIF(Cliente!$K:$K,Rede!$E12) -> 3 | P12: =COUNTIFS(Cliente!$K:$K,Rede!$E12,Cliente!$AE:$AE,">=0,01") -> 3 | Q12: =IFERROR(AVERAGEIFS(Cliente!$AE:$AE,Cliente!$K:$K,Rede!$E12,Cliente!$AE:$AE,">0"),0) -> 76.611667 | R12: =COUNTIF(Cliente!$K:$K,Rede!$E12) -> 3 | S12: =SUMIF(Cliente!$K:$K,Rede!$E12,Cliente!$AH:$AH) -> 1 | T12: =IFERROR(AVERAGE(W12,Z12,AC12),"") -> 62.235556 | U12: =COUNTIF(Cliente!$K:$K,Rede!$E12) -> 3 | V12: =COUNTIFS(Cliente!$K:$K,Rede!$E12,Cliente!$AN:$AN,">=0,01") -> 3 | W12: =IFERROR(AVERAGEIFS(Cliente!$AN:$AN,Cliente!$K:$K,Rede!$E12,Cliente!AN:AN,">0"),0) -> 63.176667 | X12: =COUNTIF(Cliente!$K:$K,Rede!$E12) -> 3 | Y12: =COUNTIFS(Cliente!$K:$K,Rede!$E12,Cliente!$AU:$AU,">=0,01") -> 2 | Z12: =IFERROR(AVERAGEIFS(Cliente!$AU:$AU,Cliente!$K:$K,Rede!$E12,Cliente!$AU:$AU,">0"),0) -> 63.1325 | AA12: =COUNTIF(Cliente!$K:$K,Rede!$E12) -> 3 | AB12: =COUNTIFS(Cliente!$K:$K,Rede!$E12,Cliente!$BB:$BB,">=0,01") -> 2 | AC12: =IFERROR(AVERAGEIFS(Cliente!$BB:$BB,Cliente!$K:$K,Rede!$E12,Cliente!$BB:$BB,">0"),0) -> 60.3975 | AD12: =COUNTIF(Cliente!$K:$K,Rede!$E12) -> 3 | AE12: =SUMIF(Cliente!$K:$K,Rede!$E12,Cliente!$BE:$BE) -> 3 | AF12: =IFERROR(AVERAGE(AI12,AL12,AO12),"") -> 83.117222 | AG12: =COUNTIF(Cliente!$K:$K,Rede!$E12) -> 3 | AH12: =COUNTIFS(Cliente!$K:$K,Rede!$E12,Cliente!$BL:$BL,">=0,01") -> 3 | AI12: =IFERROR(AVERAGEIFS(Cliente!$BL:$BL,Cliente!$K:$K,Rede!$E12,Cliente!$BL:$BL,">0"),0) -> 63.26 | AJ12: =COUNTIF(Cliente!$K:$K,Rede!$E12) -> 3 | AK12: =COUNTIFS(Cliente!$K:$K,Rede!$E12,Cliente!$BS:$BS,">=0,01") -> 3 | AL12: =IFERROR(AVERAGEIFS(Cliente!$BS:$BS,Cliente!$K:$K,Rede!$E12,Cliente!$BS:$BS,">0"),0) -> 93.008333 | AM12: =COUNTIF(Cliente!$K:$K,Rede!$E12) -> 3 | AN12: =COUNTIFS(Cliente!$K:$K,Rede!$E12,Cliente!$BZ:$BZ,">=0,01") -> 3 | AO12: =IFERROR(AVERAGEIFS(Cliente!$BZ:$BZ,Cliente!$K:$K,Rede!$E12,Cliente!$BZ:$BZ,">0"),0) -> 93.083333 | AP12: =COUNTIF(Cliente!$K:$K,Rede!$E12) -> 3 | AQ12: =SUMIF(Cliente!$K:$K,Rede!$E12,Cliente!$CC:$CC) -> 1 | AR12: =IFERROR(AVERAGE(AU12,AX12,BA12),"") -> 91.2 | AS12: =COUNTIF(Cliente!$K:$K,Rede!$E12) -> 3 | AT12: =COUNTIFS(Cliente!$K:$K,Rede!$E12,Cliente!$CL:$CL,">=0,01") -> 2 | AU12: =IFERROR(AVERAGEIFS(Cliente!$CL:$CL,Cliente!$K:$K,Rede!$E12,Cliente!$CL:$CL,">0"),0) -> 90.4 | AV12: =COUNTIF(Cliente!$K:$K,Rede!$E12) -> 3 | AW12: =COUNTIFS(Cliente!$K:$K,Rede!$E12,Cliente!$CU:$CU,">=0,01") -> 2 | AX12: =IFERROR(AVERAGEIFS(Cliente!$CU:$CU,Cliente!$K:$K,Rede!$E12,Cliente!$CU:$CU,">0"),0) -> 90.8 | AY12: =COUNTIF(Cliente!$K:$K,Rede!$E12) -> 3 | AZ12: =COUNTIFS(Cliente!$K:$K,Rede!$E12,Cliente!$DD:$DD,">=0,01") -> 1 | BA12: =IFERROR(AVERAGEIFS(Cliente!$DD:$DD,Cliente!$K:$K,Rede!$E12,Cliente!$DD:$DD,">0"),0) -> 92.4
B13: FLP-SUL MC/KA D | C13: 4054 | D13: MC-ARA D | E13: REDE FEGOAGRO | F13: =COUNTIF(Cliente!$K:$K,Rede!$E13) -> 4 | G13: =SUMIF(Cliente!$K:$K,Rede!$E13,Cliente!$M:$M) -> 4 | H13: =IFERROR(AVERAGE(K13,N13,Q13),"") -> 50.354583 | I13: =COUNTIF(Cliente!$K:$K,Rede!$E13) -> 4 | J13: =COUNTIFS(Cliente!$K:$K,Rede!$E13,Cliente!$S:$S,">=0,01") -> 4 | K13: =IFERROR(AVERAGEIFS(Cliente!$S:$S,Cliente!$K:$K,Rede!$E13,Cliente!$S:$S,">0"),0) -> 55.48875 | L13: =COUNTIF(Cliente!$K:$K,Rede!$E13) -> 4 | M13: =COUNTIFS(Cliente!$K:$K,Rede!$E13,Cliente!$Y:$Y,">=0,01") -> 4 | N13: =IFERROR(AVERAGEIFS(Cliente!$Y:$Y,Cliente!$K:$K,Rede!$E13,Cliente!$Y:$Y,">0"),0) -> 50.13625 | O13: =COUNTIF(Cliente!$K:$K,Rede!$E13) -> 4 | P13: =COUNTIFS(Cliente!$K:$K,Rede!$E13,Cliente!$AE:$AE,">=0,01") -> 4 | Q13: =IFERROR(AVERAGEIFS(Cliente!$AE:$AE,Cliente!$K:$K,Rede!$E13,Cliente!$AE:$AE,">0"),0) -> 45.43875 | R13: =COUNTIF(Cliente!$K:$K,Rede!$E13) -> 4 | S13: =SUMIF(Cliente!$K:$K,Rede!$E13,Cliente!$AH:$AH) -> 1 | T13: =IFERROR(AVERAGE(W13,Z13,AC13),"") -> 55.822917 | U13: =COUNTIF(Cliente!$K:$K,Rede!$E13) -> 4 | V13: =COUNTIFS(Cliente!$K:$K,Rede!$E13,Cliente!$AN:$AN,">=0,01") -> 4 | W13: =IFERROR(AVERAGEIFS(Cliente!$AN:$AN,Cliente!$K:$K,Rede!$E13,Cliente!AN:AN,">0"),0) -> 53.33125 | X13: =COUNTIF(Cliente!$K:$K,Rede!$E13) -> 4 | Y13: =COUNTIFS(Cliente!$K:$K,Rede!$E13,Cliente!$AU:$AU,">=0,01") -> 2 | Z13: =IFERROR(AVERAGEIFS(Cliente!$AU:$AU,Cliente!$K:$K,Rede!$E13,Cliente!$AU:$AU,">0"),0) -> 53.1775 | AA13: =COUNTIF(Cliente!$K:$K,Rede!$E13) -> 4 | AB13: =COUNTIFS(Cliente!$K:$K,Rede!$E13,Cliente!$BB:$BB,">=0,01") -> 1 | AC13: =IFERROR(AVERAGEIFS(Cliente!$BB:$BB,Cliente!$K:$K,Rede!$E13,Cliente!$BB:$BB,">0"),0) -> 60.96 | AD13: =COUNTIF(Cliente!$K:$K,Rede!$E13) -> 4 | AE13: =SUMIF(Cliente!$K:$K,Rede!$E13,Cliente!$BE:$BE) -> 0 | AF13: =IFERROR(AVERAGE(AI13,AL13,AO13),"") -> 16.15 | AG13: =COUNTIF(Cliente!$K:$K,Rede!$E13) -> 4 | AH13: =COUNTIFS(Cliente!$K:$K,Rede!$E13,Cliente!$BL:$BL,">=0,01") -> 1 | AI13: =IFERROR(AVERAGEIFS(Cliente!$BL:$BL,Cliente!$K:$K,Rede!$E13,Cliente!$BL:$BL,">0"),0) -> 48.45 | AJ13: =COUNTIF(Cliente!$K:$K,Rede!$E13) -> 4 | AK13: =COUNTIFS(Cliente!$K:$K,Rede!$E13,Cliente!$BS:$BS,">=0,01") -> 0 | AL13: =IFERROR(AVERAGEIFS(Cliente!$BS:$BS,Cliente!$K:$K,Rede!$E13,Cliente!$BS:$BS,">0"),0) -> 0 | AM13: =COUNTIF(Cliente!$K:$K,Rede!$E13) -> 4 | AN13: =COUNTIFS(Cliente!$K:$K,Rede!$E13,Cliente!$BZ:$BZ,">=0,01") -> 0 | AO13: =IFERROR(AVERAGEIFS(Cliente!$BZ:$BZ,Cliente!$K:$K,Rede!$E13,Cliente!$BZ:$BZ,">0"),0) -> 0 | AP13: =COUNTIF(Cliente!$K:$K,Rede!$E13) -> 4 | AQ13: =SUMIF(Cliente!$K:$K,Rede!$E13,Cliente!$CC:$CC) -> 0 | AR13: =IFERROR(AVERAGE(AU13,AX13,BA13),"") -> 0 | AS13: =COUNTIF(Cliente!$K:$K,Rede!$E13) -> 4 | AT13: =COUNTIFS(Cliente!$K:$K,Rede!$E13,Cliente!$CL:$CL,">=0,01") -> 0 | AU13: =IFERROR(AVERAGEIFS(Cliente!$CL:$CL,Cliente!$K:$K,Rede!$E13,Cliente!$CL:$CL,">0"),0) -> 0 | AV13: =COUNTIF(Cliente!$K:$K,Rede!$E13) -> 4 | AW13: =COUNTIFS(Cliente!$K:$K,Rede!$E13,Cliente!$CU:$CU,">=0,01") -> 0 | AX13: =IFERROR(AVERAGEIFS(Cliente!$CU:$CU,Cliente!$K:$K,Rede!$E13,Cliente!$CU:$CU,">0"),0) -> 0 | AY13: =COUNTIF(Cliente!$K:$K,Rede!$E13) -> 4 | AZ13: =COUNTIFS(Cliente!$K:$K,Rede!$E13,Cliente!$DD:$DD,">=0,01") -> 0 | BA13: =IFERROR(AVERAGEIFS(Cliente!$DD:$DD,Cliente!$K:$K,Rede!$E13,Cliente!$DD:$DD,">0"),0) -> 0
B14: NORTE MC/KA D | C14: 179 | D14: KA-BRQ | E14: REDE ARCHER | F14: =COUNTIF(Cliente!$K:$K,Rede!$E14) -> 6 | G14: =SUMIF(Cliente!$K:$K,Rede!$E14,Cliente!$M:$M) -> 6 | H14: =IFERROR(AVERAGE(K14,N14,Q14),"") -> 74.634722 | I14: =COUNTIF(Cliente!$K:$K,Rede!$E14) -> 6 | J14: =COUNTIFS(Cliente!$K:$K,Rede!$E14,Cliente!$S:$S,">=0,01") -> 6 | K14: =IFERROR(AVERAGEIFS(Cliente!$S:$S,Cliente!$K:$K,Rede!$E14,Cliente!$S:$S,">0"),0) -> 64.615833 | L14: =COUNTIF(Cliente!$K:$K,Rede!$E14) -> 6 | M14: =COUNTIFS(Cliente!$K:$K,Rede!$E14,Cliente!$Y:$Y,">=0,01") -> 6 | N14: =IFERROR(AVERAGEIFS(Cliente!$Y:$Y,Cliente!$K:$K,Rede!$E14,Cliente!$Y:$Y,">0"),0) -> 77.273333 | O14: =COUNTIF(Cliente!$K:$K,Rede!$E14) -> 6 | P14: =COUNTIFS(Cliente!$K:$K,Rede!$E14,Cliente!$AE:$AE,">=0,01") -> 6 | Q14: =IFERROR(AVERAGEIFS(Cliente!$AE:$AE,Cliente!$K:$K,Rede!$E14,Cliente!$AE:$AE,">0"),0) -> 82.015 | R14: =COUNTIF(Cliente!$K:$K,Rede!$E14) -> 6 | S14: =SUMIF(Cliente!$K:$K,Rede!$E14,Cliente!$AH:$AH) -> 4 | T14: =IFERROR(AVERAGE(W14,Z14,AC14),"") -> 65.317917 | U14: =COUNTIF(Cliente!$K:$K,Rede!$E14) -> 6 | V14: =COUNTIFS(Cliente!$K:$K,Rede!$E14,Cliente!$AN:$AN,">=0,01") -> 4 | W14: =IFERROR(AVERAGEIFS(Cliente!$AN:$AN,Cliente!$K:$K,Rede!$E14,Cliente!AN:AN,">0"),0) -> 65.75875 | X14: =COUNTIF(Cliente!$K:$K,Rede!$E14) -> 6 | Y14: =COUNTIFS(Cliente!$K:$K,Rede!$E14,Cliente!$AU:$AU,">=0,01") -> 6 | Z14: =IFERROR(AVERAGEIFS(Cliente!$AU:$AU,Cliente!$K:$K,Rede!$E14,Cliente!$AU:$AU,">0"),0) -> 50.06 | AA14: =COUNTIF(Cliente!$K:$K,Rede!$E14) -> 6 | AB14: =COUNTIFS(Cliente!$K:$K,Rede!$E14,Cliente!$BB:$BB,">=0,01") -> 6 | AC14: =IFERROR(AVERAGEIFS(Cliente!$BB:$BB,Cliente!$K:$K,Rede!$E14,Cliente!$BB:$BB,">0"),0) -> 80.135 | AD14: =COUNTIF(Cliente!$K:$K,Rede!$E14) -> 6 | AE14: =SUMIF(Cliente!$K:$K,Rede!$E14,Cliente!$BE:$BE) -> 6 | AF14: =IFERROR(AVERAGE(AI14,AL14,AO14),"") -> 74.015278 | AG14: =COUNTIF(Cliente!$K:$K,Rede!$E14) -> 6 | AH14: =COUNTIFS(Cliente!$K:$K,Rede!$E14,Cliente!$BL:$BL,">=0,01") -> 6 | AI14: =IFERROR(AVERAGEIFS(Cliente!$BL:$BL,Cliente!$K:$K,Rede!$E14,Cliente!$BL:$BL,">0"),0) -> 70.141667 | AJ14: =COUNTIF(Cliente!$K:$K,Rede!$E14) -> 6 | AK14: =COUNTIFS(Cliente!$K:$K,Rede!$E14,Cliente!$BS:$BS,">=0,01") -> 6 | AL14: =IFERROR(AVERAGEIFS(Cliente!$BS:$BS,Cliente!$K:$K,Rede!$E14,Cliente!$BS:$BS,">0"),0) -> 70.133333 | AM14: =COUNTIF(Cliente!$K:$K,Rede!$E14) -> 6 | AN14: =COUNTIFS(Cliente!$K:$K,Rede!$E14,Cliente!$BZ:$BZ,">=0,01") -> 6 | AO14: =IFERROR(AVERAGEIFS(Cliente!$BZ:$BZ,Cliente!$K:$K,Rede!$E14,Cliente!$BZ:$BZ,">0"),0) -> 81.770833 | AP14: =COUNTIF(Cliente!$K:$K,Rede!$E14) -> 6 | AQ14: =SUMIF(Cliente!$K:$K,Rede!$E14,Cliente!$CC:$CC) -> 0 | AR14: =IFERROR(AVERAGE(AU14,AX14,BA14),"") -> 44.910278 | AS14: =COUNTIF(Cliente!$K:$K,Rede!$E14) -> 6 | AT14: =COUNTIFS(Cliente!$K:$K,Rede!$E14,Cliente!$CL:$CL,">=0,01") -> 6 | AU14: =IFERROR(AVERAGEIFS(Cliente!$CL:$CL,Cliente!$K:$K,Rede!$E14,Cliente!$CL:$CL,">0"),0) -> 68.993333 | AV14: =COUNTIF(Cliente!$K:$K,Rede!$E14) -> 6 | AW14: =COUNTIFS(Cliente!$K:$K,Rede!$E14,Cliente!$CU:$CU,">=0,01") -> 6 | AX14: =IFERROR(AVERAGEIFS(Cliente!$CU:$CU,Cliente!$K:$K,Rede!$E14,Cliente!$CU:$CU,">0"),0) -> 65.7375 | AY14: =COUNTIF(Cliente!$K:$K,Rede!$E14) -> 6 | AZ14: =COUNTIFS(Cliente!$K:$K,Rede!$E14,Cliente!$DD:$DD,">=0,01") -> 0 | BA14: =IFERROR(AVERAGEIFS(Cliente!$DD:$DD,Cliente!$K:$K,Rede!$E14,Cliente!$DD:$DD,">0"),0) -> 0
B15: NORTE MC/KA D | C15: 359 | D15: MC-ITPE D | E15: REDE UBER | F15: =COUNTIF(Cliente!$K:$K,Rede!$E15) -> 2 | G15: =SUMIF(Cliente!$K:$K,Rede!$E15,Cliente!$M:$M) -> 2 | H15: =IFERROR(AVERAGE(K15,N15,Q15),"") -> 71.154583 | I15: =COUNTIF(Cliente!$K:$K,Rede!$E15) -> 2 | J15: =COUNTIFS(Cliente!$K:$K,Rede!$E15,Cliente!$S:$S,">=0,01") -> 2 | K15: =IFERROR(AVERAGEIFS(Cliente!$S:$S,Cliente!$K:$K,Rede!$E15,Cliente!$S:$S,">0"),0) -> 75.8675 | L15: =COUNTIF(Cliente!$K:$K,Rede!$E15) -> 2 | M15: =COUNTIFS(Cliente!$K:$K,Rede!$E15,Cliente!$Y:$Y,">=0,01") -> 2 | N15: =IFERROR(AVERAGEIFS(Cliente!$Y:$Y,Cliente!$K:$K,Rede!$E15,Cliente!$Y:$Y,">0"),0) -> 60.86625 | O15: =COUNTIF(Cliente!$K:$K,Rede!$E15) -> 2 | P15: =COUNTIFS(Cliente!$K:$K,Rede!$E15,Cliente!$AE:$AE,">=0,01") -> 2 | Q15: =IFERROR(AVERAGEIFS(Cliente!$AE:$AE,Cliente!$K:$K,Rede!$E15,Cliente!$AE:$AE,">0"),0) -> 76.73 | R15: =COUNTIF(Cliente!$K:$K,Rede!$E15) -> 2 | S15: =SUMIF(Cliente!$K:$K,Rede!$E15,Cliente!$AH:$AH) -> 2 | T15: =IFERROR(AVERAGE(W15,Z15,AC15),"") -> 71.6875 | U15: =COUNTIF(Cliente!$K:$K,Rede!$E15) -> 2 | V15: =COUNTIFS(Cliente!$K:$K,Rede!$E15,Cliente!$AN:$AN,">=0,01") -> 2 | W15: =IFERROR(AVERAGEIFS(Cliente!$AN:$AN,Cliente!$K:$K,Rede!$E15,Cliente!AN:AN,">0"),0) -> 63.6125 | X15: =COUNTIF(Cliente!$K:$K,Rede!$E15) -> 2 | Y15: =COUNTIFS(Cliente!$K:$K,Rede!$E15,Cliente!$AU:$AU,">=0,01") -> 2 | Z15: =IFERROR(AVERAGEIFS(Cliente!$AU:$AU,Cliente!$K:$K,Rede!$E15,Cliente!$AU:$AU,">0"),0) -> 63.1975 | AA15: =COUNTIF(Cliente!$K:$K,Rede!$E15) -> 2 | AB15: =COUNTIFS(Cliente!$K:$K,Rede!$E15,Cliente!$BB:$BB,">=0,01") -> 2 | AC15: =IFERROR(AVERAGEIFS(Cliente!$BB:$BB,Cliente!$K:$K,Rede!$E15,Cliente!$BB:$BB,">0"),0) -> 88.2525 | AD15: =COUNTIF(Cliente!$K:$K,Rede!$E15) -> 2 | AE15: =SUMIF(Cliente!$K:$K,Rede!$E15,Cliente!$BE:$BE) -> 2 | AF15: =IFERROR(AVERAGE(AI15,AL15,AO15),"") -> 90.820833 | AG15: =COUNTIF(Cliente!$K:$K,Rede!$E15) -> 2 | AH15: =COUNTIFS(Cliente!$K:$K,Rede!$E15,Cliente!$BL:$BL,">=0,01") -> 2 | AI15: =IFERROR(AVERAGEIFS(Cliente!$BL:$BL,Cliente!$K:$K,Rede!$E15,Cliente!$BL:$BL,">0"),0) -> 87.4625 | AJ15: =COUNTIF(Cliente!$K:$K,Rede!$E15) -> 2 | AK15: =COUNTIFS(Cliente!$K:$K,Rede!$E15,Cliente!$BS:$BS,">=0,01") -> 2 | AL15: =IFERROR(AVERAGEIFS(Cliente!$BS:$BS,Cliente!$K:$K,Rede!$E15,Cliente!$BS:$BS,">0"),0) -> 92.3 | AM15: =COUNTIF(Cliente!$K:$K,Rede!$E15) -> 2 | AN15: =COUNTIFS(Cliente!$K:$K,Rede!$E15,Cliente!$BZ:$BZ,">=0,01") -> 2 | AO15: =IFERROR(AVERAGEIFS(Cliente!$BZ:$BZ,Cliente!$K:$K,Rede!$E15,Cliente!$BZ:$BZ,">0"),0) -> 92.7 | AP15: =COUNTIF(Cliente!$K:$K,Rede!$E15) -> 2 | AQ15: =SUMIF(Cliente!$K:$K,Rede!$E15,Cliente!$CC:$CC) -> 2 | AR15: =IFERROR(AVERAGE(AU15,AX15,BA15),"") -> 97.533333 | AS15: =COUNTIF(Cliente!$K:$K,Rede!$E15) -> 2 | AT15: =COUNTIFS(Cliente!$K:$K,Rede!$E15,Cliente!$CL:$CL,">=0,01") -> 2 | AU15: =IFERROR(AVERAGEIFS(Cliente!$CL:$CL,Cliente!$K:$K,Rede!$E15,Cliente!$CL:$CL,">0"),0) -> 93.2 | AV15: =COUNTIF(Cliente!$K:$K,Rede!$E15) -> 2 | AW15: =COUNTIFS(Cliente!$K:$K,Rede!$E15,Cliente!$CU:$CU,">=0,01") -> 2 | AX15: =IFERROR(AVERAGEIFS(Cliente!$CU:$CU,Cliente!$K:$K,Rede!$E15,Cliente!$CU:$CU,">0"),0) -> 99.4 | AY15: =COUNTIF(Cliente!$K:$K,Rede!$E15) -> 2 | AZ15: =COUNTIFS(Cliente!$K:$K,Rede!$E15,Cliente!$DD:$DD,">=0,01") -> 2 | BA15: =IFERROR(AVERAGEIFS(Cliente!$DD:$DD,Cliente!$K:$K,Rede!$E15,Cliente!$DD:$DD,">0"),0) -> 100
B16: NORTE MC/KA D | C16: 359 | D16: MC-ITPE D | E16: REDE NILO GOEDERT | F16: =COUNTIF(Cliente!$K:$K,Rede!$E16) -> 1 | G16: =SUMIF(Cliente!$K:$K,Rede!$E16,Cliente!$M:$M) -> 1 | H16: =IFERROR(AVERAGE(K16,N16,Q16),"") -> 64.351667 | I16: =COUNTIF(Cliente!$K:$K,Rede!$E16) -> 1 | J16: =COUNTIFS(Cliente!$K:$K,Rede!$E16,Cliente!$S:$S,">=0,01") -> 1 | K16: =IFERROR(AVERAGEIFS(Cliente!$S:$S,Cliente!$K:$K,Rede!$E16,Cliente!$S:$S,">0"),0) -> 46.01 | L16: =COUNTIF(Cliente!$K:$K,Rede!$E16) -> 1 | M16: =COUNTIFS(Cliente!$K:$K,Rede!$E16,Cliente!$Y:$Y,">=0,01") -> 1 | N16: =IFERROR(AVERAGEIFS(Cliente!$Y:$Y,Cliente!$K:$K,Rede!$E16,Cliente!$Y:$Y,">0"),0) -> 65.71 | O16: =COUNTIF(Cliente!$K:$K,Rede!$E16) -> 1 | P16: =COUNTIFS(Cliente!$K:$K,Rede!$E16,Cliente!$AE:$AE,">=0,01") -> 1 | Q16: =IFERROR(AVERAGEIFS(Cliente!$AE:$AE,Cliente!$K:$K,Rede!$E16,Cliente!$AE:$AE,">0"),0) -> 81.335 | R16: =COUNTIF(Cliente!$K:$K,Rede!$E16) -> 1 | S16: =SUMIF(Cliente!$K:$K,Rede!$E16,Cliente!$AH:$AH) -> 1 | T16: =IFERROR(AVERAGE(W16,Z16,AC16),"") -> 61.77 | U16: =COUNTIF(Cliente!$K:$K,Rede!$E16) -> 1 | V16: =COUNTIFS(Cliente!$K:$K,Rede!$E16,Cliente!$AN:$AN,">=0,01") -> 1 | W16: =IFERROR(AVERAGEIFS(Cliente!$AN:$AN,Cliente!$K:$K,Rede!$E16,Cliente!AN:AN,">0"),0) -> 63.06 | X16: =COUNTIF(Cliente!$K:$K,Rede!$E16) -> 1 | Y16: =COUNTIFS(Cliente!$K:$K,Rede!$E16,Cliente!$AU:$AU,">=0,01") -> 1 | Z16: =IFERROR(AVERAGEIFS(Cliente!$AU:$AU,Cliente!$K:$K,Rede!$E16,Cliente!$AU:$AU,">0"),0) -> 62.225 | AA16: =COUNTIF(Cliente!$K:$K,Rede!$E16) -> 1 | AB16: =COUNTIFS(Cliente!$K:$K,Rede!$E16,Cliente!$BB:$BB,">=0,01") -> 1 | AC16: =IFERROR(AVERAGEIFS(Cliente!$BB:$BB,Cliente!$K:$K,Rede!$E16,Cliente!$BB:$BB,">0"),0) -> 60.025 | AD16: =COUNTIF(Cliente!$K:$K,Rede!$E16) -> 1 | AE16: =SUMIF(Cliente!$K:$K,Rede!$E16,Cliente!$BE:$BE) -> 1 | AF16: =IFERROR(AVERAGE(AI16,AL16,AO16),"") -> 73.096667 | AG16: =COUNTIF(Cliente!$K:$K,Rede!$E16) -> 1 | AH16: =COUNTIFS(Cliente!$K:$K,Rede!$E16,Cliente!$BL:$BL,">=0,01") -> 1 | AI16: =IFERROR(AVERAGEIFS(Cliente!$BL:$BL,Cliente!$K:$K,Rede!$E16,Cliente!$BL:$BL,">0"),0) -> 60.09 | AJ16: =COUNTIF(Cliente!$K:$K,Rede!$E16) -> 1 | AK16: =COUNTIFS(Cliente!$K:$K,Rede!$E16,Cliente!$BS:$BS,">=0,01") -> 1 | AL16: =IFERROR(AVERAGEIFS(Cliente!$BS:$BS,Cliente!$K:$K,Rede!$E16,Cliente!$BS:$BS,">0"),0) -> 75.4 | AM16: =COUNTIF(Cliente!$K:$K,Rede!$E16) -> 1 | AN16: =COUNTIFS(Cliente!$K:$K,Rede!$E16,Cliente!$BZ:$BZ,">=0,01") -> 1 | AO16: =IFERROR(AVERAGEIFS(Cliente!$BZ:$BZ,Cliente!$K:$K,Rede!$E16,Cliente!$BZ:$BZ,">0"),0) -> 83.8 | AP16: =COUNTIF(Cliente!$K:$K,Rede!$E16) -> 1 | AQ16: =SUMIF(Cliente!$K:$K,Rede!$E16,Cliente!$CC:$CC) -> 1 | AR16: =IFERROR(AVERAGE(AU16,AX16,BA16),"") -> 87.941667 | AS16: =COUNTIF(Cliente!$K:$K,Rede!$E16) -> 1 | AT16: =COUNTIFS(Cliente!$K:$K,Rede!$E16,Cliente!$CL:$CL,">=0,01") -> 1 | AU16: =IFERROR(AVERAGEIFS(Cliente!$CL:$CL,Cliente!$K:$K,Rede!$E16,Cliente!$CL:$CL,">0"),0) -> 90.4 | AV16: =COUNTIF(Cliente!$K:$K,Rede!$E16) -> 1 | AW16: =COUNTIFS(Cliente!$K:$K,Rede!$E16,Cliente!$CU:$CU,">=0,01") -> 1 | AX16: =IFERROR(AVERAGEIFS(Cliente!$CU:$CU,Cliente!$K:$K,Rede!$E16,Cliente!$CU:$CU,">0"),0) -> 83.825 | AY16: =COUNTIF(Cliente!$K:$K,Rede!$E16) -> 1 | AZ16: =COUNTIFS(Cliente!$K:$K,Rede!$E16,Cliente!$DD:$DD,">=0,01") -> 1 | BA16: =IFERROR(AVERAGEIFS(Cliente!$DD:$DD,Cliente!$K:$K,Rede!$E16,Cliente!$DD:$DD,">0"),0) -> 89.6
B17: NORTE MC/KA D | C17: 359 | D17: MC-ITPE D | E17: REDE MESCHKE | F17: =COUNTIF(Cliente!$K:$K,Rede!$E17) -> 4 | G17: =SUMIF(Cliente!$K:$K,Rede!$E17,Cliente!$M:$M) -> 4 | H17: =IFERROR(AVERAGE(K17,N17,Q17),"") -> 73.225 | I17: =COUNTIF(Cliente!$K:$K,Rede!$E17) -> 4 | J17: =COUNTIFS(Cliente!$K:$K,Rede!$E17,Cliente!$S:$S,">=0,01") -> 4 | K17: =IFERROR(AVERAGEIFS(Cliente!$S:$S,Cliente!$K:$K,Rede!$E17,Cliente!$S:$S,">0"),0) -> 71.63875 | L17: =COUNTIF(Cliente!$K:$K,Rede!$E17) -> 4 | M17: =COUNTIFS(Cliente!$K:$K,Rede!$E17,Cliente!$Y:$Y,">=0,01") -> 4 | N17: =IFERROR(AVERAGEIFS(Cliente!$Y:$Y,Cliente!$K:$K,Rede!$E17,Cliente!$Y:$Y,">0"),0) -> 72.84625 | O17: =COUNTIF(Cliente!$K:$K,Rede!$E17) -> 4 | P17: =COUNTIFS(Cliente!$K:$K,Rede!$E17,Cliente!$AE:$AE,">=0,01") -> 4 | Q17: =IFERROR(AVERAGEIFS(Cliente!$AE:$AE,Cliente!$K:$K,Rede!$E17,Cliente!$AE:$AE,">0"),0) -> 75.19 | R17: =COUNTIF(Cliente!$K:$K,Rede!$E17) -> 4 | S17: =SUMIF(Cliente!$K:$K,Rede!$E17,Cliente!$AH:$AH) -> 0 | T17: =IFERROR(AVERAGE(W17,Z17,AC17),"") -> 40.865 | U17: =COUNTIF(Cliente!$K:$K,Rede!$E17) -> 4 | V17: =COUNTIFS(Cliente!$K:$K,Rede!$E17,Cliente!$AN:$AN,">=0,01") -> 0 | W17: =IFERROR(AVERAGEIFS(Cliente!$AN:$AN,Cliente!$K:$K,Rede!$E17,Cliente!AN:AN,">0"),0) -> 0 | X17: =COUNTIF(Cliente!$K:$K,Rede!$E17) -> 4 | Y17: =COUNTIFS(Cliente!$K:$K,Rede!$E17,Cliente!$AU:$AU,">=0,01") -> 4 | Z17: =IFERROR(AVERAGEIFS(Cliente!$AU:$AU,Cliente!$K:$K,Rede!$E17,Cliente!$AU:$AU,">0"),0) -> 59.12125 | AA17: =COUNTIF(Cliente!$K:$K,Rede!$E17) -> 4 | AB17: =COUNTIFS(Cliente!$K:$K,Rede!$E17,Cliente!$BB:$BB,">=0,01") -> 4 | AC17: =IFERROR(AVERAGEIFS(Cliente!$BB:$BB,Cliente!$K:$K,Rede!$E17,Cliente!$BB:$BB,">0"),0) -> 63.47375 | AD17: =COUNTIF(Cliente!$K:$K,Rede!$E17) -> 4 | AE17: =SUMIF(Cliente!$K:$K,Rede!$E17,Cliente!$BE:$BE) -> 0 | AF17: =IFERROR(AVERAGE(AI17,AL17,AO17),"") -> 27.8 | AG17: =COUNTIF(Cliente!$K:$K,Rede!$E17) -> 4 | AH17: =COUNTIFS(Cliente!$K:$K,Rede!$E17,Cliente!$BL:$BL,">=0,01") -> 0 | AI17: =IFERROR(AVERAGEIFS(Cliente!$BL:$BL,Cliente!$K:$K,Rede!$E17,Cliente!$BL:$BL,">0"),0) -> 0 | AJ17: =COUNTIF(Cliente!$K:$K,Rede!$E17) -> 4 | AK17: =COUNTIFS(Cliente!$K:$K,Rede!$E17,Cliente!$BS:$BS,">=0,01") -> 0 | AL17: =IFERROR(AVERAGEIFS(Cliente!$BS:$BS,Cliente!$K:$K,Rede!$E17,Cliente!$BS:$BS,">0"),0) -> 0 | AM17: =COUNTIF(Cliente!$K:$K,Rede!$E17) -> 4 | AN17: =COUNTIFS(Cliente!$K:$K,Rede!$E17,Cliente!$BZ:$BZ,">=0,01") -> 1 | AO17: =IFERROR(AVERAGEIFS(Cliente!$BZ:$BZ,Cliente!$K:$K,Rede!$E17,Cliente!$BZ:$BZ,">0"),0) -> 83.4 | AP17: =COUNTIF(Cliente!$K:$K,Rede!$E17) -> 4 | AQ17: =SUMIF(Cliente!$K:$K,Rede!$E17,Cliente!$CC:$CC) -> 1 | AR17: =IFERROR(AVERAGE(AU17,AX17,BA17),"") -> 89.147222 | AS17: =COUNTIF(Cliente!$K:$K,Rede!$E17) -> 4 | AT17: =COUNTIFS(Cliente!$K:$K,Rede!$E17,Cliente!$CL:$CL,">=0,01") -> 1 | AU17: =IFERROR(AVERAGEIFS(Cliente!$CL:$CL,Cliente!$K:$K,Rede!$E17,Cliente!$CL:$CL,">0"),0) -> 92.2 | AV17: =COUNTIF(Cliente!$K:$K,Rede!$E17) -> 4 | AW17: =COUNTIFS(Cliente!$K:$K,Rede!$E17,Cliente!$CU:$CU,">=0,01") -> 2 | AX17: =IFERROR(AVERAGEIFS(Cliente!$CU:$CU,Cliente!$K:$K,Rede!$E17,Cliente!$CU:$CU,">0"),0) -> 87.825 | AY17: =COUNTIF(Cliente!$K:$K,Rede!$E17) -> 4 | AZ17: =COUNTIFS(Cliente!$K:$K,Rede!$E17,Cliente!$DD:$DD,">=0,01") -> 3 | BA17: =IFERROR(AVERAGEIFS(Cliente!$DD:$DD,Cliente!$K:$K,Rede!$E17,Cliente!$DD:$DD,">0"),0) -> 87.416667
... B19: NORTE MC/KA D | C19: 4066 | D19: MC-BNU D | E19: REDE MEES | F19: =COUNTIF(Cliente!$K:$K,Rede!$E19) -> 1 | G19: =SUMIF(Cliente!$K:$K,Rede!$E19,Cliente!$M:$M) -> 1 | H19: =IFERROR(AVERAGE(K19,N19,Q19),"") -> 86.575 | I19: =COUNTIF(Cliente!$K:$K,Rede!$E19) -> 1 | J19: =COUNTIFS(Cliente!$K:$K,Rede!$E19,Cliente!$S:$S,">=0,01") -> 1 | K19: =IFERROR(AVERAGEIFS(Cliente!$S:$S,Cliente!$K:$K,Rede!$E19,Cliente!$S:$S,">0"),0) -> 82.975 | L19: =COUNTIF(Cliente!$K:$K,Rede!$E19) -> 1 | M19: =COUNTIFS(Cliente!$K:$K,Rede!$E19,Cliente!$Y:$Y,">=0,01") -> 1 | N19: =IFERROR(AVERAGEIFS(Cliente!$Y:$Y,Cliente!$K:$K,Rede!$E19,Cliente!$Y:$Y,">0"),0) -> 84.375 | O19: =COUNTIF(Cliente!$K:$K,Rede!$E19) -> 1 | P19: =COUNTIFS(Cliente!$K:$K,Rede!$E19,Cliente!$AE:$AE,">=0,01") -> 1 | Q19: =IFERROR(AVERAGEIFS(Cliente!$AE:$AE,Cliente!$K:$K,Rede!$E19,Cliente!$AE:$AE,">0"),0) -> 92.375 | R19: =COUNTIF(Cliente!$K:$K,Rede!$E19) -> 1 | S19: =SUMIF(Cliente!$K:$K,Rede!$E19,Cliente!$AH:$AH) -> 1 | T19: =IFERROR(AVERAGE(W19,Z19,AC19),"") -> 68.908333 | U19: =COUNTIF(Cliente!$K:$K,Rede!$E19) -> 1 | V19: =COUNTIFS(Cliente!$K:$K,Rede!$E19,Cliente!$AN:$AN,">=0,01") -> 1 | W19: =IFERROR(AVERAGEIFS(Cliente!$AN:$AN,Cliente!$K:$K,Rede!$E19,Cliente!AN:AN,">0"),0) -> 62.58 | X19: =COUNTIF(Cliente!$K:$K,Rede!$E19) -> 1 | Y19: =COUNTIFS(Cliente!$K:$K,Rede!$E19,Cliente!$AU:$AU,">=0,01") -> 1 | Z19: =IFERROR(AVERAGEIFS(Cliente!$AU:$AU,Cliente!$K:$K,Rede!$E19,Cliente!$AU:$AU,">0"),0) -> 69.105 | AA19: =COUNTIF(Cliente!$K:$K,Rede!$E19) -> 1 | AB19: =COUNTIFS(Cliente!$K:$K,Rede!$E19,Cliente!$BB:$BB,">=0,01") -> 1 | AC19: =IFERROR(AVERAGEIFS(Cliente!$BB:$BB,Cliente!$K:$K,Rede!$E19,Cliente!$BB:$BB,">0"),0) -> 75.04 | AD19: =COUNTIF(Cliente!$K:$K,Rede!$E19) -> 1 | AE19: =SUMIF(Cliente!$K:$K,Rede!$E19,Cliente!$BE:$BE) -> 1 | AF19: =IFERROR(AVERAGE(AI19,AL19,AO19),"") -> 85.578333 | AG19: =COUNTIF(Cliente!$K:$K,Rede!$E19) -> 1 | AH19: =COUNTIFS(Cliente!$K:$K,Rede!$E19,Cliente!$BL:$BL,">=0,01") -> 1 | AI19: =IFERROR(AVERAGEIFS(Cliente!$BL:$BL,Cliente!$K:$K,Rede!$E19,Cliente!$BL:$BL,">0"),0) -> 80 | AJ19: =COUNTIF(Cliente!$K:$K,Rede!$E19) -> 1 | AK19: =COUNTIFS(Cliente!$K:$K,Rede!$E19,Cliente!$BS:$BS,">=0,01") -> 1 | AL19: =IFERROR(AVERAGEIFS(Cliente!$BS:$BS,Cliente!$K:$K,Rede!$E19,Cliente!$BS:$BS,">0"),0) -> 80 | AM19: =COUNTIF(Cliente!$K:$K,Rede!$E19) -> 1 | AN19: =COUNTIFS(Cliente!$K:$K,Rede!$E19,Cliente!$BZ:$BZ,">=0,01") -> 1 | AO19: =IFERROR(AVERAGEIFS(Cliente!$BZ:$BZ,Cliente!$K:$K,Rede!$E19,Cliente!$BZ:$BZ,">0"),0) -> 96.735 | AP19: =COUNTIF(Cliente!$K:$K,Rede!$E19) -> 1 | AQ19: =SUMIF(Cliente!$K:$K,Rede!$E19,Cliente!$CC:$CC) -> 1 | AR19: =IFERROR(AVERAGE(AU19,AX19,BA19),"") -> 98.4 | AS19: =COUNTIF(Cliente!$K:$K,Rede!$E19) -> 1 | AT19: =COUNTIFS(Cliente!$K:$K,Rede!$E19,Cliente!$CL:$CL,">=0,01") -> 1 | AU19: =IFERROR(AVERAGEIFS(Cliente!$CL:$CL,Cliente!$K:$K,Rede!$E19,Cliente!$CL:$CL,">0"),0) -> 95.2 | AV19: =COUNTIF(Cliente!$K:$K,Rede!$E19) -> 1 | AW19: =COUNTIFS(Cliente!$K:$K,Rede!$E19,Cliente!$CU:$CU,">=0,01") -> 1 | AX19: =IFERROR(AVERAGEIFS(Cliente!$CU:$CU,Cliente!$K:$K,Rede!$E19,Cliente!$CU:$CU,">0"),0) -> 100 | AY19: =COUNTIF(Cliente!$K:$K,Rede!$E19) -> 1 | AZ19: =COUNTIFS(Cliente!$K:$K,Rede!$E19,Cliente!$DD:$DD,">=0,01") -> 1 | BA19: =IFERROR(AVERAGEIFS(Cliente!$DD:$DD,Cliente!$K:$K,Rede!$E19,Cliente!$DD:$DD,">0"),0) -> 100

Sheet Cliente
K2: TOTAL: | L2: =AVERAGEIF(L6:L76,">0") -> 63.814401 | M2: =SUM(M6:M161) -> 58 | N2: =SUM(N6:N161) -> 7 | S2: =AVERAGEIF(S6:S76,">0") -> 61.70153 | T2: =SUM(T6:T81) -> 5 | Y2: =AVERAGEIF(Y6:Y59,">0") -> 65.5923 | Z2: =SUM(Z6:Z59) -> 7 | AE2: =AVERAGEIF(AE6:AE59,">0") -> 75.672451 | AF2: =SUM(AF6:AF59) -> 23 | AG2: =AVERAGEIF(AG6:AG59,">0") -> 52.335566 | AH2: =SUM(AH6:AH59) -> 30 | AI2: =SUM(AI6:AI59) -> 30 | AN2: =AVERAGEIF(AN6:AN59,">0") -> 62.570854 | AO2: =SUM(AO6:AO59) -> 0 | AU2: =AVERAGEIF(AU6:AU59,">0") -> 60.757738 | AV2: =SUM(AV6:AV59) -> 21 | BB2: =AVERAGEIF(BB6:BB59,">0") -> 69.654891 | BC2: =SUM(BC6:BC59) -> 25 | BD2: =AVERAGEIF(BD6:BD76,">0") -> 75.399453 | BE2: =SUM(BE6:BE76) -> 50 | BF2: =SUM(BF6:BF76) -> 42 | BL2: =AVERAGEIF(BL6:BL76,">0") -> 72.09254 | BM2: =SUM(BM6:BM76) -> 39 | BS2: =AVERAGEIF(BS6:BS76,">0") -> 84.198103 | BT2: =SUM(BT6:BT76) -> 52 | BZ2: =AVERAGEIF(BZ6:BZ76,">0") -> 87.092672 | CA2: =SUM(CA6:CA76) -> 51 | CB2: =IF((CL2+CU2+DD2)/3=0,"",(CL2+CU2+DD2)/3) -> 89.555484 | CC2: =SUM(CC6:CC76) -> 30 | CD2: =SUM(CD6:CD76) -> 30 | CL2: =AVERAGEIF(CL6:CL76,">0") -> 88.177759 | CM2: =SUM(CM6:CM76) -> 45 | CU2: =IFERROR(AVERAGEIF(CU6:CU76,">0"),0) -> 90.117368 | CV2: =SUM(CV6:CV76) -> 57 | DD2: =IFERROR(AVERAGEIF(DD6:DD76,">0"),0) -> 90.371324 | DE2: =SUM(DE6:DE76) -> 34
L3: Q1 - JUL A SET 25 | O3: JULHO 2025 | U3: AGOSTO 2025 | AA3: SETEMBRO 2025 | AG3: Q2 - OUT A DEZ 25 | AP3: NOVEMBRO 2025 | AW3: DEZEMBRO 2025 | BD3: Q3 - JAN A MAR 26 | BG3: JANEIRO 2026 | BN3: FEVEREIRO 2026 | BU3: MARÇO 2026 | CB3: Q4 - ABR A JUL 26 | CE3: ABRIL 2026 | CN3: MAIO 2026 | CW3: JUNHO 2026
L4: PONTUAÇÃO MÁXIMA POR KPI_____ | O4: 30 | P4: 8 | Q4: 17 | R4: 45 | S4: =SUM(O4:R4) -> 100 | T4: - | U4: 30 | V4: 8 | W4: 17 | X4: 45 | Y4: =SUM(U4:X4) -> 100 | Z4: - | AA4: 30 | AB4: 8 | AC4: 17 | AD4: 45 | AE4: =SUM(AA4:AD4) -> 100 | AF4: - | AG4: PONTUAÇÃO MÁXIMA POR KPI_____ | AJ4: 30 | AK4: 8 | AL4: 17 | AM4: 45 | AN4: =SUM(AJ4:AM4) -> 100 | AO4: - | AP4: 30 | AQ4: 8 | AR4: 17 | AS4: 45 | AT4: =SUM(AP4:AS4) -> 100 | AU4: 10 | AV4: - | AW4: 25 | AX4: 5 | AY4: 12 | AZ4: 40 | BA4: 18 | BB4: 100 | BC4: - | BD4: PONTUAÇÃO MÁXIMA POR KPI_____ | BG4: 25 | BH4: 5 | BI4: 12 | BJ4: 40 | BK4: 18 | BL4: 100 | BM4: - | BN4: 25 | BO4: 5 | BP4: 12 | BQ4: 40 | BR4: 18 | BS4: 100 | BT4: - | BU4: 25 | BV4: 5 | BW4: 12 | BX4: 40 | BY4: 18 | BZ4: 100 | CA4: - | CB4: PONTUAÇÃO MÁXIMA POR KPI_____ | CE4: 35 | CF4: 5 | CG4: 5 | CH4: 15 | CI4: 20 | CJ4: 10 | CK4: 15 | CL4: 100 | CM4: - | CN4: 35 | CO4: 5 | CP4: 5 | CQ4: 15 | CR4: 20 | CS4: 10 | CT4: 15 | CU4: 100 | CV4: - | CW4: 35 | CX4: 5 | CY4: 5 | CZ4: 15 | DA4: 20 | DB4: 10 | DC4: 15 | DD4: 100 | DE4: -
B5: EQUIPE | C5: CÓD | D5: ÁREA | E5: CÓD. | F5: CLIENTE | G5: CIDADE | H5: ENDEREÇO | I5: BAIRRO | J5: RAMO | K5: REDE | L5: PONTOS MÉDIA | M5: AUDITADA TRIMESTRE | N5: VÁLIDO | O5: Share Sub Category SC Johnson | P5: Cross Merchan SC Johnson | Q5: Share Sub Loc Pao Quente SC Johnson | R5: Mix + Intocáveis SC Johnson | S5: PONTOS MÉDIA | T5: VÁLIDO | U5: Share Sub Category SC Johnson | V5: Cross Merchan SC Johnson | W5: Share Sub Loc Pao Quente SC Johnson | X5: Mix + Intocáveis SC Johnson | Y5: PONTOS MÉDIA | Z5: VÁLIDO | AA5: Share Sub Category SC Johnson | AB5: Cross Merchan SC Johnson | AC5: Share Sub Loc Pao Quente SC Johnson | AD5: Mix + Intocáveis SC Johnson | AE5: PONTOS MÉDIA | AF5: VÁLIDO | AG5: PONTOS MÉDIA | AH5: AUDITADA TRIMESTRE | AI5: VÁLIDO | AJ5: Share Sub Category SC Johnson | AK5: Cross Merchan SC Johnson | AL5: Share Sub Loc Pao Quente SC Johnson | AM5: Mix + Intocáveis SC Johnson | AN5: PONTOS MÉDIA | AO5: VÁLIDO | AP5: Share Sub Category SC Johnson | AQ5: Cross Merchan SC Johnson | AR5: Share Sub Loc Pao Quente SC Johnson | AS5: Mix + Intocáveis SC Johnson | AT5: PONTOS MÉDIA | AU5: PONTOS MÉDIA | AV5: VÁLIDO | AW5: Share Sub Category SC Johnson | AX5: Cross Merchan SC Johnson | AY5: Share Sub Loc Pao Quente SC Johnson | AZ5: Mix + Intocáveis SC Johnson | BA5: Lancamentos | BB5: PONTOS MÉDIA | BC5: VÁLIDO | BD5: PONTOS MÉDIA | BE5: AUDITADA TRIMESTRE | BF5: VÁLIDO | BG5: Share Sub Category SC Johnson | BH5: Cross Merchan SC Johnson | BI5: Share Sub Loc Pao Quente SC Johnson | BJ5: Mix + Intocáveis SC Johnson | BK5: Lancamentos | BL5: PONTOS MÉDIA | BM5: VÁLIDO | BN5: Share Sub Category SC Johnson | BO5: Cross Merchan SC Johnson | BP5: Share Sub Loc Pao Quente SC Johnson | BQ5: Mix + Intocáveis SC Johnson | BR5: Lancamentos | BS5: PONTOS MÉDIA | BT5: VÁLIDO | BU5: Share Sub Category SC Johnson | BV5: Cross Merchan SC Johnson | BW5: Share Sub Loc Pao Quente SC Johnson | BX5: Mix + Intocáveis SC Johnson | BY5: Lancamentos | BZ5: PONTOS MÉDIA | CA5: VÁLIDO | CB5: PONTOS MÉDIA | CC5: AUDITADA TRIMESTRE | CD5: VÁLIDO | CE5: Mix + Intocáveis SC Johnson | CF5: Execucao Bonus | CG5: Cross Merchan SC Johnson | CH5: Lancamentos | CI5: Share Sub Category SC Johnson | CJ5: Share Sub Loc Pao Quente SC Johnson | CK5: Plano Foco SC Johnson | CL5: PONTOS MÉDIA | CM5: VÁLIDO | CN5: Mix + Intocáveis SC Johnson | CO5: Execucao Bonus | CP5: Cross Merchan SC Johnson | CQ5: Lancamentos | CR5: Share Sub Category SC Johnson | CS5: Share Sub Loc Pao Quente SC Johnson | CT5: Plano Foco SC Johnson | CU5: PONTOS MÉDIA | CV5: VÁLIDO | CW5: Mix + Intocáveis SC Johnson | CX5: Execucao Bonus | CY5: Cross Merchan SC Johnson | CZ5: Lancamentos | DA5: Share Sub Category SC Johnson | DB5: Share Sub Loc Pao Quente SC Johnson | DC5: Plano Foco SC Johnson | DD5: PONTOS MÉDIA | DE5: VÁLIDO
B6: FLP-SUL MC/KA D | C6: 771 | D6: MC-FLP D | E6: 143128 | F6: HIPER SELECT SUPERMERCADOS LTDA. | G6: FLORIANOPOLIS | H6: AV PEQUENO PRINCIPE 1770 | I6: CAMPECHE | J6: SM DE 05 A 09 CHECK-OUT | K6: REDE HIPER SELECT | L6: =IF((S6+Y6+AE6)/3=0,"",(S6+Y6+AE6)/3) -> 52.856667 | M6: =IF(IF(S6>0,1,0)+IF(Y6>0,1,0)+IF(AE6>0,1,0)=3,1,0) -> 1 | N6: =IF(M6=0,0,IF(L6>=80,1,0)) -> 0 | O6: =IFERROR(AVERAGEIFS('Base Kpi'!$I:$I,'Base Kpi'!$B:$B,Cliente!$E6,'Base Kpi'!$G:$G,Cliente!O$5),0) -> 12.87 | P6: =IFERROR(AVERAGEIFS('Base Kpi'!$I:$I,'Base Kpi'!$B:$B,Cliente!$E6,'Base Kpi'!$G:$G,Cliente!P$5),0) -> 0 | Q6: =IFERROR(AVERAGEIFS('Base Kpi'!$I:$I,'Base Kpi'!$B:$B,Cliente!$E6,'Base Kpi'!$G:$G,Cliente!Q$5),0) -> 3.4 | R6: =IFERROR(AVERAGEIFS('Base Kpi'!$I:$I,'Base Kpi'!$B:$B,Cliente!$E6,'Base Kpi'!$G:$G,Cliente!R$5),0) -> 13.5 | S6: =SUM(O6:R6) -> 29.77 | T6: =IF(S6>=80,1,0) -> 0 | U6: =IFERROR(AVERAGEIFS('Base Kpi'!$T:$T,'Base Kpi'!$M:$M,Cliente!$E6,'Base Kpi'!$S:$S,Cliente!U$5),0) -> 17.13 | V6: =IFERROR(AVERAGEIFS('Base Kpi'!$T:$T,'Base Kpi'!$M:$M,Cliente!$E6,'Base Kpi'!$S:$S,Cliente!V$5),0) -> 0 | W6: =IFERROR(AVERAGEIFS('Base Kpi'!$T:$T,'Base Kpi'!$M:$M,Cliente!$E6,'Base Kpi'!$S:$S,Cliente!W$5),0) -> 8.5 | X6: =IFERROR(AVERAGEIFS('Base Kpi'!$T:$T,'Base Kpi'!$M:$M,Cliente!$E6,'Base Kpi'!$S:$S,Cliente!X$5),0) -> 29.25 | Y6: =SUM(U6:X6) -> 54.88 | Z6: =IF(Y6>=80,1,0) -> 0 | AA6: =IFERROR(AVERAGEIFS('Base Kpi'!$AF:$AF,'Base Kpi'!$Y:$Y,Cliente!$E6,'Base Kpi'!$AE:$AE,Cliente!AA$5),0) -> 21.42 | AB6: =IFERROR(AVERAGEIFS('Base Kpi'!$AF:$AF,'Base Kpi'!$Y:$Y,Cliente!$E6,'Base Kpi'!$AE:$AE,Cliente!AB$5),0) -> 8 | AC6: =IFERROR(AVERAGEIFS('Base Kpi'!$AF:$AF,'Base Kpi'!$Y:$Y,Cliente!$E6,'Base Kpi'!$AE:$AE,Cliente!AC$5),0) -> 8.5 | AD6: =IFERROR(AVERAGEIFS('Base Kpi'!$AF:$AF,'Base Kpi'!$Y:$Y,Cliente!$E6,'Base Kpi'!$AE:$AE,Cliente!AD$5),0) -> 36 | AE6: =SUM(AA6:AD6) -> 73.92 | AF6: =IF(AE6>=80,1,0) -> 0 | AG6: =IF((AN6+AU6+BB6)/3=0,"",(AN6+AU6+BB6)/3) -> 18.288333 | AH6: =IF(IF(AN6>0,1,0)+IF(AU6>0,1,0)+IF(BB6>0,1,0)=3,1,0) -> 0 | AI6: =IF(AH6=0,0,IF(AG6>=7,1,0)) -> 0 | AJ6: =IFERROR(AVERAGEIFS('Base Kpi'!$AR:$AR,'Base Kpi'!$AK:$AK,Cliente!$E6,'Base Kpi'!$AQ:$AQ,AJ$5),0) -> 21.425 | AK6: =IFERROR(AVERAGEIFS('Base Kpi'!$AR:$AR,'Base Kpi'!$AK:$AK,Cliente!$E6,'Base Kpi'!$AQ:$AQ,AK$5),0) -> 0 | AL6: =IFERROR(AVERAGEIFS('Base Kpi'!$AR:$AR,'Base Kpi'!$AK:$AK,Cliente!$E6,'Base Kpi'!$AQ:$AQ,AL$5),0) -> 3 | AM6: =IFERROR(AVERAGEIFS('Base Kpi'!$AR:$AR,'Base Kpi'!$AK:$AK,Cliente!$E6,'Base Kpi'!$AQ:$AQ,AM$5),0) -> 30.44 | AN6: =SUM(AJ6:AM6) -> 54.865 | AO6: =IF(AN6>=80,1,0) -> 0 | AP6: =IFERROR(AVERAGEIFS('Base Kpi'!$BD:$BD,'Base Kpi'!$AW:$AW,Cliente!$E6,'Base Kpi'!$BC:$BC,Cliente!AP$5),0) -> 0 | AQ6: =IFERROR(AVERAGEIFS('Base Kpi'!$BD:$BD,'Base Kpi'!$AW:$AW,Cliente!$E6,'Base Kpi'!$BC:$BC,Cliente!AQ$5),0) -> 0 | AR6: =IFERROR(AVERAGEIFS('Base Kpi'!$BD:$BD,'Base Kpi'!$AW:$AW,Cliente!$E6,'Base Kpi'!$BC:$BC,Cliente!AR$5),0) -> 0 | AS6: =IFERROR(AVERAGEIFS('Base Kpi'!$BD:$BD,'Base Kpi'!$AW:$AW,Cliente!$E6,'Base Kpi'!$BC:$BC,Cliente!AS$5),0) -> 0 | AT6: =IFERROR(AVERAGEIFS('Base Kpi'!$BD:$BD,'Base Kpi'!$AW:$AW,Cliente!$E6,'Base Kpi'!$BC:$BC,Cliente!AT$5),0) -> 0 | AU6: =SUM(AP6:AT6) -> 0 | AV6: =IF(AU6>=80,1,0) -> 0 | AW6: =IFERROR(AVERAGEIFS('Base Kpi'!$BP:$BP,'Base Kpi'!$BI:$BI,Cliente!$E6,'Base Kpi'!$BO:$BO,Cliente!AW$5),0) -> 0 | AX6: =IFERROR(AVERAGEIFS('Base Kpi'!$BP:$BP,'Base Kpi'!$BI:$BI,Cliente!$E6,'Base Kpi'!$BO:$BO,Cliente!AX$5),0) -> 0 | AY6: =IFERROR(AVERAGEIFS('Base Kpi'!$BP:$BP,'Base Kpi'!$BI:$BI,Cliente!$E6,'Base Kpi'!$BO:$BO,Cliente!AY$5),0) -> 0 | AZ6: =IFERROR(AVERAGEIFS('Base Kpi'!$BP:$BP,'Base Kpi'!$BI:$BI,Cliente!$E6,'Base Kpi'!$BO:$BO,Cliente!AZ$5),0) -> 0 | BA6: =IFERROR(AVERAGEIFS('Base Kpi'!$BP:$BP,'Base Kpi'!$BI:$BI,Cliente!$E6,'Base Kpi'!$BO:$BO,Cliente!BA$5),0) -> 0 | BB6: =SUM(AW6:BA6) -> 0 | BC6: =IF(BB6>=80,1,0) -> 0 | BD6: =IF((BL6+BS6+BZ6)/3=0,"",(BL6+BS6+BZ6)/3) -> 47.133333 | BE6: =IF(IF(BK6>0,1,0)+IF(BR6>0,1,0)+IF(BX6>0,1,0)=3,1,0) -> 0 | BF6: =IF(BE6=0,0,IF(BD6>=80,1,0)) -> 0 | BG6: =IFERROR(AVERAGEIFS('Base Kpi'!$CB:$CB,'Base Kpi'!$BU:$BU,Cliente!$E6,'Base Kpi'!$CA:$CA,Cliente!BG$5),0) -> 25 | BH6: =IFERROR(AVERAGEIFS('Base Kpi'!$CB:$CB,'Base Kpi'!$BU:$BU,Cliente!$E6,'Base Kpi'!$CA:$CA,Cliente!BH$5),0) -> 5 | BI6: =IFERROR(AVERAGEIFS('Base Kpi'!$CB:$CB,'Base Kpi'!$BU:$BU,Cliente!$E6,'Base Kpi'!$CA:$CA,Cliente!BI$5),0) -> 6 | BJ6: =IFERROR(AVERAGEIFS('Base Kpi'!$CB:$CB,'Base Kpi'!$BU:$BU,Cliente!$E6,'Base Kpi'!$CA:$CA,Cliente!BJ$5),0) -> 28.8 | BK6: =IFERROR(AVERAGEIFS('Base Kpi'!$CB:$CB,'Base Kpi'!$BU:$BU,Cliente!$E6,'Base Kpi'!$CA:$CA,Cliente!BK$5),0) -> 9 | BL6: =SUM(BG6:BK6) -> 73.8 | BM6: =IF(BL6>=80,1,0) -> 0 | BN6: =IFERROR(AVERAGEIFS('Base Kpi'!$CN:$CN,'Base Kpi'!$CG:$CG,Cliente!$E6,'Base Kpi'!$CM:$CM,Cliente!BN$5),0) -> 25 | BO6: =IFERROR(AVERAGEIFS('Base Kpi'!$CN:$CN,'Base Kpi'!$CG:$CG,Cliente!$E6,'Base Kpi'!$CM:$CM,Cliente!BO$5),0) -> 5 | BP6: =IFERROR(AVERAGEIFS('Base Kpi'!$CN:$CN,'Base Kpi'!$CG:$CG,Cliente!$E6,'Base Kpi'!$CM:$CM,Cliente!BP$5),0) -> 6 | BQ6: =IFERROR(AVERAGEIFS('Base Kpi'!$CN:$CN,'Base Kpi'!$CG:$CG,Cliente!$E6,'Base Kpi'!$CM:$CM,Cliente!BQ$5),0) -> 13.6 | BR6: =IFERROR(AVERAGEIFS('Base Kpi'!$CN:$CN,'Base Kpi'!$CG:$CG,Cliente!$E6,'Base Kpi'!$CM:$CM,Cliente!BR$5),0) -> 18 | BS6: =SUM(BN6:BR6) -> 67.6 | BT6: =IF(BS6>=80,1,0) -> 0 | BU6: =IFERROR(AVERAGEIFS('Base Kpi'!$CZ:$CZ,'Base Kpi'!$CS:$CS,Cliente!$E6,'Base Kpi'!$CY:$CY,Cliente!BU$5),0) -> 0 | BV6: =IFERROR(AVERAGEIFS('Base Kpi'!$CZ:$CZ,'Base Kpi'!$CS:$CS,Cliente!$E6,'Base Kpi'!$CY:$CY,Cliente!BV$5),0) -> 0 | BW6: =IFERROR(AVERAGEIFS('Base Kpi'!$CZ:$CZ,'Base Kpi'!$CS:$CS,Cliente!$E6,'Base Kpi'!$CY:$CY,Cliente!BW$5),0) -> 0 | BX6: =IFERROR(AVERAGEIFS('Base Kpi'!$CZ:$CZ,'Base Kpi'!$CS:$CS,Cliente!$E6,'Base Kpi'!$CY:$CY,Cliente!BX$5),0) -> 0 | BY6: =IFERROR(AVERAGEIFS('Base Kpi'!$CZ:$CZ,'Base Kpi'!$CS:$CS,Cliente!$E6,'Base Kpi'!$CY:$CY,Cliente!BY$5),0) -> 0 | BZ6: =SUM(BU6:BY6) -> 0 | CA6: =IF(BZ6>=80,1,0) -> 0 | CB6: =IF((CL6+CU6+DD6)/3=0,"",(CL6+CU6+DD6)/3) | CC6: =IF(IF(CL6>0,1,0)+IF(CU6>0,1,0)+IF(DD6>0,1,0)=3,1,0) -> 0 | CD6: =IF(CC6=0,0,IF(CB6>=7,1,0)) -> 0 | CE6: {=IFERROR(LARGE(_xlfn._xlws.FILTER('Base Kpi'!$DL:$DL,('Base Kpi'!$DK:$DK=$CE$5)*('Base Kpi'!$DE:$DE=Cliente!$E6)),1),0)} -> 0 | CF6: {=IFERROR(LARGE(_xlfn._xlws.FILTER('Base Kpi'!$DL:$DL,('Base Kpi'!$DK:$DK=$CF$5)*('Base Kpi'!$DE:$DE=Cliente!$E6)),1),0)} -> 0 | CG6: {=IFERROR(LARGE(_xlfn._xlws.FILTER('Base Kpi'!$DL:$DL,('Base Kpi'!$DK:$DK=$CG$5)*('Base Kpi'!$DE:$DE=Cliente!$E6)),1),0)} -> 0 | CH6: {=IFERROR(LARGE(_xlfn._xlws.FILTER('Base Kpi'!$DL:$DL,('Base Kpi'!$DK:$DK=$CH$5)*('Base Kpi'!$DE:$DE=Cliente!$E6)),1),0)} -> 0 | CI6: {=IFERROR(LARGE(_xlfn._xlws.FILTER('Base Kpi'!$DL:$DL,('Base Kpi'!$DK:$DK=$CI$5)*('Base Kpi'!$DE:$DE=Cliente!$E6)),1),0)} -> 0 | CJ6: {=IFERROR(LARGE(_xlfn._xlws.FILTER('Base Kpi'!$DL:$DL,('Base Kpi'!$DK:$DK=$CJ$5)*('Base Kpi'!$DE:$DE=Cliente!$E6)),1),0)} -> 0 | CK6: {=IFERROR(LARGE(_xlfn._xlws.FILTER('Base Kpi'!$DL:$DL,('Base Kpi'!$DK:$DK=$CK$5)*('Base Kpi'!$DE:$DE=Cliente!$E6)),1),0)} -> 0 | CL6: =SUM(CE6:CK6) -> 0 | CM6: =IF(CL6>=80,1,0) -> 0 | CN6: =IFERROR(AVERAGEIFS('Base Kpi'!$DX:$DX,'Base Kpi'!$DQ:$DQ,Cliente!$E6,'Base Kpi'!$DW:$DW,Cliente!CN$5),0) -> 0 | CO6: =IFERROR(AVERAGEIFS('Base Kpi'!$DX:$DX,'Base Kpi'!$DQ:$DQ,Cliente!$E6,'Base Kpi'!$DW:$DW,Cliente!CO$5),0) -> 0 | CP6: =IFERROR(AVERAGEIFS('Base Kpi'!$DX:$DX,'Base Kpi'!$DQ:$DQ,Cliente!$E6,'Base Kpi'!$DW:$DW,Cliente!CP$5),0) -> 0 | CQ6: =IFERROR(AVERAGEIFS('Base Kpi'!$DX:$DX,'Base Kpi'!$DQ:$DQ,Cliente!$E6,'Base Kpi'!$DW:$DW,Cliente!CQ$5),0) -> 0 | CR6: =IFERROR(AVERAGEIFS('Base Kpi'!$DX:$DX,'Base Kpi'!$DQ:$DQ,Cliente!$E6,'Base Kpi'!$DW:$DW,Cliente!CR$5),0) -> 0 | CS6: =IFERROR(AVERAGEIFS('Base Kpi'!$DX:$DX,'Base Kpi'!$DQ:$DQ,Cliente!$E6,'Base Kpi'!$DW:$DW,Cliente!CS$5),0) -> 0 | CT6: =IFERROR(AVERAGEIFS('Base Kpi'!$DX:$DX,'Base Kpi'!$DQ:$DQ,Cliente!$E6,'Base Kpi'!$DW:$DW,Cliente!CT$5),0) -> 0 | CU6: =SUM(CN6:CT6) -> 0 | CV6: =IF(CU6>=7,1,0) -> 0 | CW6: =IFERROR(AVERAGEIFS('Base Kpi'!$EJ:$EJ,'Base Kpi'!$EC:$EC,Cliente!$E6,'Base Kpi'!$EI:$EI,Cliente!CW$5),0) -> 0 | CX6: =IFERROR(AVERAGEIFS('Base Kpi'!$EJ:$EJ,'Base Kpi'!$EC:$EC,Cliente!$E6,'Base Kpi'!$EI:$EI,Cliente!CX$5),0) -> 0 | CY6: =IFERROR(AVERAGEIFS('Base Kpi'!$EJ:$EJ,'Base Kpi'!$EC:$EC,Cliente!$E6,'Base Kpi'!$EI:$EI,Cliente!CY$5),0) -> 0 | CZ6: =IFERROR(AVERAGEIFS('Base Kpi'!$EJ:$EJ,'Base Kpi'!$EC:$EC,Cliente!$E6,'Base Kpi'!$EI:$EI,Cliente!CZ$5),0) -> 0 | DA6: =IFERROR(AVERAGEIFS('Base Kpi'!$EJ:$EJ,'Base Kpi'!$EC:$EC,Cliente!$E6,'Base Kpi'!$EI:$EI,Cliente!DA$5),0) -> 0 | DB6: =IFERROR(AVERAGEIFS('Base Kpi'!$EJ:$EJ,'Base Kpi'!$EC:$EC,Cliente!$E6,'Base Kpi'!$EI:$EI,Cliente!DB$5),0) -> 0 | DC6: =IFERROR(AVERAGEIFS('Base Kpi'!$EJ:$EJ,'Base Kpi'!$EC:$EC,Cliente!$E6,'Base Kpi'!$EI:$EI,Cliente!DC$5),0) -> 0 | DD6: =SUM(CW6:DC6) -> 0 | DE6: =IF(DD6>=7,1,0) -> 0
B7: FLP-SUL MC/KA D | C7: 771 | D7: MC-FLP D | E7: 184604 | F7: HIPER SELECT SUPERMERCADOS LTDA. | G7: FLORIANOPOLIS | H7: DOUTOR ANTONIO LUIZ MOURA GONZAGA 2797 | I7: RIO TAVARES | J7: CONVENIENCIA | K7: REDE HIPER SELECT | L7: =IF((S7+Y7+AE7)/3=0,"",(S7+Y7+AE7)/3) -> 46.9 | M7: =IF(IF(S7>0,1,0)+IF(Y7>0,1,0)+IF(AE7>0,1,0)=3,1,0) -> 1 | N7: =IF(M7=0,0,IF(L7>=80,1,0)) -> 0 | O7: =IFERROR(AVERAGEIFS('Base Kpi'!$I:$I,'Base Kpi'!$B:$B,Cliente!$E7,'Base Kpi'!$G:$G,Cliente!O$5),0) -> 17.13 | P7: =IFERROR(AVERAGEIFS('Base Kpi'!$I:$I,'Base Kpi'!$B:$B,Cliente!$E7,'Base Kpi'!$G:$G,Cliente!P$5),0) -> 0 | Q7: =IFERROR(AVERAGEIFS('Base Kpi'!$I:$I,'Base Kpi'!$B:$B,Cliente!$E7,'Base Kpi'!$G:$G,Cliente!Q$5),0) -> 3.4 | R7: =IFERROR(AVERAGEIFS('Base Kpi'!$I:$I,'Base Kpi'!$B:$B,Cliente!$E7,'Base Kpi'!$G:$G,Cliente!R$5),0) -> 10.6875 | S7: =SUM(O7:R7) -> 31.2175 | T7: =IF(S7>=80,1,0) -> 0 | U7: =IFERROR(AVERAGEIFS('Base Kpi'!$T:$T,'Base Kpi'!$M:$M,Cliente!$E7,'Base Kpi'!$S:$S,Cliente!U$5),0) -> 25.71 | V7: =IFERROR(AVERAGEIFS('Base Kpi'!$T:$T,'Base Kpi'!$M:$M,Cliente!$E7,'Base Kpi'!$S:$S,Cliente!V$5),0) -> 0 | W7: =IFERROR(AVERAGEIFS('Base Kpi'!$T:$T,'Base Kpi'!$M:$M,Cliente!$E7,'Base Kpi'!$S:$S,Cliente!W$5),0) -> 8.5 | X7: =IFERROR(AVERAGEIFS('Base Kpi'!$T:$T,'Base Kpi'!$M:$M,Cliente!$E7,'Base Kpi'!$S:$S,Cliente!X$5),0) -> 10.6875 | Y7: =SUM(U7:X7) -> 44.8975 | Z7: =IF(Y7>=80,1,0) -> 0 | AA7: =IFERROR(AVERAGEIFS('Base Kpi'!$AF:$AF,'Base Kpi'!$Y:$Y,Cliente!$E7,'Base Kpi'!$AE:$AE,Cliente!AA$5),0) -> 25.71 | AB7: =IFERROR(AVERAGEIFS('Base Kpi'!$AF:$AF,'Base Kpi'!$Y:$Y,Cliente!$E7,'Base Kpi'!$AE:$AE,Cliente!AB$5),0) -> 0 | AC7: =IFERROR(AVERAGEIFS('Base Kpi'!$AF:$AF,'Base Kpi'!$Y:$Y,Cliente!$E7,'Base Kpi'!$AE:$AE,Cliente!AC$5),0) -> 8.5 | AD7: =IFERROR(AVERAGEIFS('Base Kpi'!$AF:$AF,'Base Kpi'!$Y:$Y,Cliente!$E7,'Base Kpi'!$AE:$AE,Cliente!AD$5),0) -> 30.375 | AE7: =SUM(AA7:AD7) -> 64.585 | AF7: =IF(AE7>=80,1,0) -> 0 | AG7: =IF((AN7+AU7+BB7)/3=0,"",(AN7+AU7+BB7)/3) -> 21.18 | AH7: =IF(IF(AN7>0,1,0)+IF(AU7>0,1,0)+IF(BB7>0,1,0)=3,1,0) -> 0 | AI7: =IF(AH7=0,0,IF(AG7>=7,1,0)) -> 0 | AJ7: =IFERROR(AVERAGEIFS('Base Kpi'!$AR:$AR,'Base Kpi'!$AK:$AK,Cliente!$E7,'Base Kpi'!$AQ:$AQ,AJ$5),0) -> 25 | AK7: =IFERROR(AVERAGEIFS('Base Kpi'!$AR:$AR,'Base Kpi'!$AK:$AK,Cliente!$E7,'Base Kpi'!$AQ:$AQ,AK$5),0) -> 2.5 | AL7: =IFERROR(AVERAGEIFS('Base Kpi'!$AR:$AR,'Base Kpi'!$AK:$AK,Cliente!$E7,'Base Kpi'!$AQ:$AQ,AL$5),0) -> 3 | AM7: =IFERROR(AVERAGEIFS('Base Kpi'!$AR:$AR,'Base Kpi'!$AK:$AK,Cliente!$E7,'Base Kpi'!$AQ:$AQ,AM$5),0) -> 33.04 | AN7: =SUM(AJ7:AM7) -> 63.54 | AO7: =IF(AN7>=80,1,0) -> 0 | AP7: =IFERROR(AVERAGEIFS('Base Kpi'!$BD:$BD,'Base Kpi'!$AW:$AW,Cliente!$E7,'Base Kpi'!$BC:$BC,Cliente!AP$5),0) -> 0 | AQ7: =IFERROR(AVERAGEIFS('Base Kpi'!$BD:$BD,'Base Kpi'!$AW:$AW,Cliente!$E7,'Base Kpi'!$BC:$BC,Cliente!AQ$5),0) -> 0 | AR7: =IFERROR(AVERAGEIFS('Base Kpi'!$BD:$BD,'Base Kpi'!$AW:$AW,Cliente!$E7,'Base Kpi'!$BC:$BC,Cliente!AR$5),0) -> 0 | AS7: =IFERROR(AVERAGEIFS('Base Kpi'!$BD:$BD,'Base Kpi'!$AW:$AW,Cliente!$E7,'Base Kpi'!$BC:$BC,Cliente!AS$5),0) -> 0 | AT7: =IFERROR(AVERAGEIFS('Base Kpi'!$BD:$BD,'Base Kpi'!$AW:$AW,Cliente!$E7,'Base Kpi'!$BC:$BC,Cliente!AT$5),0) -> 0 | AU7: =SUM(AP7:AT7) -> 0 | AV7: =IF(AU7>=80,1,0) -> 0 | AW7: =IFERROR(AVERAGEIFS('Base Kpi'!$BP:$BP,'Base Kpi'!$BI:$BI,Cliente!$E7,'Base Kpi'!$BO:$BO,Cliente!AW$5),0) -> 0 | AX7: =IFERROR(AVERAGEIFS('Base Kpi'!$BP:$BP,'Base Kpi'!$BI:$BI,Cliente!$E7,'Base Kpi'!$BO:$BO,Cliente!AX$5),0) -> 0 | AY7: =IFERROR(AVERAGEIFS('Base Kpi'!$BP:$BP,'Base Kpi'!$BI:$BI,Cliente!$E7,'Base Kpi'!$BO:$BO,Cliente!AY$5),0) -> 0 | AZ7: =IFERROR(AVERAGEIFS('Base Kpi'!$BP:$BP,'Base Kpi'!$BI:$BI,Cliente!$E7,'Base Kpi'!$BO:$BO,Cliente!AZ$5),0) -> 0 | BA7: =IFERROR(AVERAGEIFS('Base Kpi'!$BP:$BP,'Base Kpi'!$BI:$BI,Cliente!$E7,'Base Kpi'!$BO:$BO,Cliente!BA$5),0) -> 0 | BB7: =SUM(AW7:BA7) -> 0 | BC7: =IF(BB7>=80,1,0) -> 0 | BD7: =IF((BL7+BS7+BZ7)/3=0,"",(BL7+BS7+BZ7)/3) -> 82.141667 | BE7: =IF(IF(BK7>0,1,0)+IF(BR7>0,1,0)+IF(BX7>0,1,0)=3,1,0) -> 1 | BF7: =IF(BE7=0,0,IF(BD7>=80,1,0)) -> 1 | BG7: =IFERROR(AVERAGEIFS('Base Kpi'!$CB:$CB,'Base Kpi'!$BU:$BU,Cliente!$E7,'Base Kpi'!$CA:$CA,Cliente!BG$5),0) -> 21.425 | BH7: =IFERROR(AVERAGEIFS('Base Kpi'!$CB:$CB,'Base Kpi'!$BU:$BU,Cliente!$E7,'Base Kpi'!$CA:$CA,Cliente!BH$5),0) -> 5 | BI7: =IFERROR(AVERAGEIFS('Base Kpi'!$CB:$CB,'Base Kpi'!$BU:$BU,Cliente!$E7,'Base Kpi'!$CA:$CA,Cliente!BI$5),0) -> 3 | BJ7: =IFERROR(AVERAGEIFS('Base Kpi'!$CB:$CB,'Base Kpi'!$BU:$BU,Cliente!$E7,'Base Kpi'!$CA:$CA,Cliente!BJ$5),0) -> 31.2 | BK7: =IFERROR(AVERAGEIFS('Base Kpi'!$CB:$CB,'Base Kpi'!$BU:$BU,Cliente!$E7,'Base Kpi'!$CA:$CA,Cliente!BK$5),0) -> 9 | BL7: =SUM(BG7:BK7) -> 69.625 | BM7: =IF(BL7>=80,1,0) -> 0 | BN7: =IFERROR(AVERAGEIFS('Base Kpi'!$CN:$CN,'Base Kpi'!$CG:$CG,Cliente!$E7,'Base Kpi'!$CM:$CM,Cliente!BN$5),0) -> 25 | BO7: =IFERROR(AVERAGEIFS('Base Kpi'!$CN:$CN,'Base Kpi'!$CG:$CG,Cliente!$E7,'Base Kpi'!$CM:$CM,Cliente!BO$5),0) -> 5 | BP7: =IFERROR(AVERAGEIFS('Base Kpi'!$CN:$CN,'Base Kpi'!$CG:$CG,Cliente!$E7,'Base Kpi'!$CM:$CM,Cliente!BP$5),0) -> 12 | BQ7: =IFERROR(AVERAGEIFS('Base Kpi'!$CN:$CN,'Base Kpi'!$CG:$CG,Cliente!$E7,'Base Kpi'!$CM:$CM,Cliente!BQ$5),0) -> 31.2 | BR7: =IFERROR(AVERAGEIFS('Base Kpi'!$CN:$CN,'Base Kpi'!$CG:$CG,Cliente!$E7,'Base Kpi'!$CM:$CM,Cliente!BR$5),0) -> 18 | BS7: =SUM(BN7:BR7) -> 91.2 | BT7: =IF(BS7>=80,1,0) -> 1 | BU7: =IFERROR(AVERAGEIFS('Base Kpi'!$CZ:$CZ,'Base Kpi'!$CS:$CS,Cliente!$E7,'Base Kpi'!$CY:$CY,Cliente!BU$5),0) -> 25 | BV7: =IFERROR(AVERAGEIFS('Base Kpi'!$CZ:$CZ,'Base Kpi'!$CS:$CS,Cliente!$E7,'Base Kpi'!$CY:$CY,Cliente!BV$5),0) -> 5 | BW7: =IFERROR(AVERAGEIFS('Base Kpi'!$CZ:$CZ,'Base Kpi'!$CS:$CS,Cliente!$E7,'Base Kpi'!$CY:$CY,Cliente!BW$5),0) -> 12 | BX7: =IFERROR(AVERAGEIFS('Base Kpi'!$CZ:$CZ,'Base Kpi'!$CS:$CS,Cliente!$E7,'Base Kpi'!$CY:$CY,Cliente!BX$5),0) -> 25.6 | BY7: =IFERROR(AVERAGEIFS('Base Kpi'!$CZ:$CZ,'Base Kpi'!$CS:$CS,Cliente!$E7,'Base Kpi'!$CY:$CY,Cliente!BY$5),0) -> 18 | BZ7: =SUM(BU7:BY7) -> 85.6 | CA7: =IF(BZ7>=80,1,0) -> 1 | CB7: =IF((CL7+CU7+DD7)/3=0,"",(CL7+CU7+DD7)/3) -> 25.95 | CC7: =IF(IF(CL7>0,1,0)+IF(CU7>0,1,0)+IF(DD7>0,1,0)=3,1,0) -> 0 | CD7: =IF(CC7=0,0,IF(CB7>=7,1,0)) -> 0 | CE7: {=IFERROR(LARGE(_xlfn._xlws.FILTER('Base Kpi'!$DL:$DL,('Base Kpi'!$DK:$DK=$CE$5)*('Base Kpi'!$DE:$DE=Cliente!$E7)),1),0)} -> 0 | CF7: {=IFERROR(LARGE(_xlfn._xlws.FILTER('Base Kpi'!$DL:$DL,('Base Kpi'!$DK:$DK=$CF$5)*('Base Kpi'!$DE:$DE=Cliente!$E7)),1),0)} -> 0 | CG7: {=IFERROR(LARGE(_xlfn._xlws.FILTER('Base Kpi'!$DL:$DL,('Base Kpi'!$DK:$DK=$CG$5)*('Base Kpi'!$DE:$DE=Cliente!$E7)),1),0)} -> 0 | CH7: {=IFERROR(LARGE(_xlfn._xlws.FILTER('Base Kpi'!$DL:$DL,('Base Kpi'!$DK:$DK=$CH$5)*('Base Kpi'!$DE:$DE=Cliente!$E7)),1),0)} -> 0 | CI7: {=IFERROR(LARGE(_xlfn._xlws.FILTER('Base Kpi'!$DL:$DL,('Base Kpi'!$DK:$DK=$CI$5)*('Base Kpi'!$DE:$DE=Cliente!$E7)),1),0)} -> 0 | CJ7: {=IFERROR(LARGE(_xlfn._xlws.FILTER('Base Kpi'!$DL:$DL,('Base Kpi'!$DK:$DK=$CJ$5)*('Base Kpi'!$DE:$DE=Cliente!$E7)),1),0)} -> 0 | CK7: {=IFERROR(LARGE(_xlfn._xlws.FILTER('Base Kpi'!$DL:$DL,('Base Kpi'!$DK:$DK=$CK$5)*('Base Kpi'!$DE:$DE=Cliente!$E7)),1),0)} -> 0 | CL7: =SUM(CE7:CK7) -> 0 | CM7: =IF(CL7>=80,1,0) -> 0 | CN7: =IFERROR(AVERAGEIFS('Base Kpi'!$DX:$DX,'Base Kpi'!$DQ:$DQ,Cliente!$E7,'Base Kpi'!$DW:$DW,Cliente!CN$5),0) -> 0 | CO7: =IFERROR(AVERAGEIFS('Base Kpi'!$DX:$DX,'Base Kpi'!$DQ:$DQ,Cliente!$E7,'Base Kpi'!$DW:$DW,Cliente!CO$5),0) -> 0 | CP7: =IFERROR(AVERAGEIFS('Base Kpi'!$DX:$DX,'Base Kpi'!$DQ:$DQ,Cliente!$E7,'Base Kpi'!$DW:$DW,Cliente!CP$5),0) -> 0 | CQ7: =IFERROR(AVERAGEIFS('Base Kpi'!$DX:$DX,'Base Kpi'!$DQ:$DQ,Cliente!$E7,'Base Kpi'!$DW:$DW,Cliente!CQ$5),0) -> 0 | CR7: =IFERROR(AVERAGEIFS('Base Kpi'!$DX:$DX,'Base Kpi'!$DQ:$DQ,Cliente!$E7,'Base Kpi'!$DW:$DW,Cliente!CR$5),0) -> 0 | CS7: =IFERROR(AVERAGEIFS('Base Kpi'!$DX:$DX,'Base Kpi'!$DQ:$DQ,Cliente!$E7,'Base Kpi'!$DW:$DW,Cliente!CS$5),0) -> 0 | CT7: =IFERROR(AVERAGEIFS('Base Kpi'!$DX:$DX,'Base Kpi'!$DQ:$DQ,Cliente!$E7,'Base Kpi'!$DW:$DW,Cliente!CT$5),0) -> 0 | CU7: =SUM(CN7:CT7) -> 0 | CV7: =IF(CU7>=7,1,0) -> 0 | CW7: =IFERROR(AVERAGEIFS('Base Kpi'!$EJ:$EJ,'Base Kpi'!$EC:$EC,Cliente!$E7,'Base Kpi'!$EI:$EI,Cliente!CW$5),0) -> 28 | CX7: =IFERROR(AVERAGEIFS('Base Kpi'!$EJ:$EJ,'Base Kpi'!$EC:$EC,Cliente!$E7,'Base Kpi'!$EI:$EI,Cliente!CX$5),0) -> 0 | CY7: =IFERROR(AVERAGEIFS('Base Kpi'!$EJ:$EJ,'Base Kpi'!$EC:$EC,Cliente!$E7,'Base Kpi'!$EI:$EI,Cliente!CY$5),0) -> 5 | CZ7: =IFERROR(AVERAGEIFS('Base Kpi'!$EJ:$EJ,'Base Kpi'!$EC:$EC,Cliente!$E7,'Base Kpi'!$EI:$EI,Cliente!CZ$5),0) -> 18 | DA7: =IFERROR(AVERAGEIFS('Base Kpi'!$EJ:$EJ,'Base Kpi'!$EC:$EC,Cliente!$E7,'Base Kpi'!$EI:$EI,Cliente!DA$5),0) -> 17.85 | DB7: =IFERROR(AVERAGEIFS('Base Kpi'!$EJ:$EJ,'Base Kpi'!$EC:$EC,Cliente!$E7,'Base Kpi'!$EI:$EI,Cliente!DB$5),0) -> 9 | DC7: =IFERROR(AVERAGEIFS('Base Kpi'!$EJ:$EJ,'Base Kpi'!$EC:$EC,Cliente!$E7,'Base Kpi'!$EI:$EI,Cliente!DC$5),0) -> 0 | DD7: =SUM(CW7:DC7) -> 77.85 | DE7: =IF(DD7>=7,1,0) -> 1
B8: FLP-SUL MC/KA D | C8: 771 | D8: MC-FLP D | E8: 185710 | F8: HIPER SELECT SUPERMERCADOS LTDA | G8: PALHOCA | H8: RUA ALCINO DOS NAVEGANTES MOREIRA 3010 | I8: BARRA DO ARIRIU | J8: SM DE 05 A 09 CHECK-OUT | K8: REDE HIPER SELECT | L8: =IF((S8+Y8+AE8)/3=0,"",(S8+Y8+AE8)/3) -> 50.424167 | M8: =IF(IF(S8>0,1,0)+IF(Y8>0,1,0)+IF(AE8>0,1,0)=3,1,0) -> 1 | N8: =IF(M8=0,0,IF(L8>=80,1,0)) -> 0 | O8: =IFERROR(AVERAGEIFS('Base Kpi'!$I:$I,'Base Kpi'!$B:$B,Cliente!$E8,'Base Kpi'!$G:$G,Cliente!O$5),0) -> 17.13 | P8: =IFERROR(AVERAGEIFS('Base Kpi'!$I:$I,'Base Kpi'!$B:$B,Cliente!$E8,'Base Kpi'!$G:$G,Cliente!P$5),0) -> 0 | Q8: =IFERROR(AVERAGEIFS('Base Kpi'!$I:$I,'Base Kpi'!$B:$B,Cliente!$E8,'Base Kpi'!$G:$G,Cliente!Q$5),0) -> 10.2 | R8: =IFERROR(AVERAGEIFS('Base Kpi'!$I:$I,'Base Kpi'!$B:$B,Cliente!$E8,'Base Kpi'!$G:$G,Cliente!R$5),0) -> 10.125 | S8: =SUM(O8:R8) -> 37.455 | T8: =IF(S8>=80,1,0) -> 0 | U8: =IFERROR(AVERAGEIFS('Base Kpi'!$T:$T,'Base Kpi'!$M:$M,Cliente!$E8,'Base Kpi'!$S:$S,Cliente!U$5),0) -> 21.42 | V8: =IFERROR(AVERAGEIFS('Base Kpi'!$T:$T,'Base Kpi'!$M:$M,Cliente!$E8,'Base Kpi'!$S:$S,Cliente!V$5),0) -> 0 | W8: =IFERROR(AVERAGEIFS('Base Kpi'!$T:$T,'Base Kpi'!$M:$M,Cliente!$E8,'Base Kpi'!$S:$S,Cliente!W$5),0) -> 8.5 | X8: =IFERROR(AVERAGEIFS('Base Kpi'!$T:$T,'Base Kpi'!$M:$M,Cliente!$E8,'Base Kpi'!$S:$S,Cliente!X$5),0) -> 8.4375 | Y8: =SUM(U8:X8) -> 38.3575 | Z8: =IF(Y8>=80,1,0) -> 0 | AA8: =IFERROR(AVERAGEIFS('Base Kpi'!$AF:$AF,'Base Kpi'!$Y:$Y,Cliente!$E8,'Base Kpi'!$AE:$AE,Cliente!AA$5),0) -> 25.71 | AB8: =IFERROR(AVERAGEIFS('Base Kpi'!$AF:$AF,'Base Kpi'!$Y:$Y,Cliente!$E8,'Base Kpi'!$AE:$AE,Cliente!AB$5),0) -> 8 | AC8: =IFERROR(AVERAGEIFS('Base Kpi'!$AF:$AF,'Base Kpi'!$Y:$Y,Cliente!$E8,'Base Kpi'!$AE:$AE,Cliente!AC$5),0) -> 17 | AD8: =IFERROR(AVERAGEIFS('Base Kpi'!$AF:$AF,'Base Kpi'!$Y:$Y,Cliente!$E8,'Base Kpi'!$AE:$AE,Cliente!AD$5),0) -> 24.75 | AE8: =SUM(AA8:AD8) -> 75.46 | AF8: =IF(AE8>=80,1,0) -> 0 | AG8: =IF((AN8+AU8+BB8)/3=0,"",(AN8+AU8+BB8)/3) | AH8: =IF(IF(AN8>0,1,0)+IF(AU8>0,1,0)+IF(BB8>0,1,0)=3,1,0) -> 0 | AI8: =IF(AH8=0,0,IF(AG8>=7,1,0)) -> 0 | AJ8: =IFERROR(AVERAGEIFS('Base Kpi'!$AR:$AR,'Base Kpi'!$AK:$AK,Cliente!$E8,'Base Kpi'!$AQ:$AQ,AJ$5),0) -> 0 | AK8: =IFERROR(AVERAGEIFS('Base Kpi'!$AR:$AR,'Base Kpi'!$AK:$AK,Cliente!$E8,'Base Kpi'!$AQ:$AQ,AK$5),0) -> 0 | AL8: =IFERROR(AVERAGEIFS('Base Kpi'!$AR:$AR,'Base Kpi'!$AK:$AK,Cliente!$E8,'Base Kpi'!$AQ:$AQ,AL$5),0) -> 0 | AM8: =IFERROR(AVERAGEIFS('Base Kpi'!$AR:$AR,'Base Kpi'!$AK:$AK,Cliente!$E8,'Base Kpi'!$AQ:$AQ,AM$5),0) -> 0 | AN8: =SUM(AJ8:AM8) -> 0 | AO8: =IF(AN8>=80,1,0) -> 0 | AP8: =IFERROR(AVERAGEIFS('Base Kpi'!$BD:$BD,'Base Kpi'!$AW:$AW,Cliente!$E8,'Base Kpi'!$BC:$BC,Cliente!AP$5),0) -> 0 | AQ8: =IFERROR(AVERAGEIFS('Base Kpi'!$BD:$BD,'Base Kpi'!$AW:$AW,Cliente!$E8,'Base Kpi'!$BC:$BC,Cliente!AQ$5),0) -> 0 | AR8: =IFERROR(AVERAGEIFS('Base Kpi'!$BD:$BD,'Base Kpi'!$AW:$AW,Cliente!$E8,'Base Kpi'!$BC:$BC,Cliente!AR$5),0) -> 0 | AS8: =IFERROR(AVERAGEIFS('Base Kpi'!$BD:$BD,'Base Kpi'!$AW:$AW,Cliente!$E8,'Base Kpi'!$BC:$BC,Cliente!AS$5),0) -> 0 | AT8: =IFERROR(AVERAGEIFS('Base Kpi'!$BD:$BD,'Base Kpi'!$AW:$AW,Cliente!$E8,'Base Kpi'!$BC:$BC,Cliente!AT$5),0) -> 0 | AU8: =SUM(AP8:AT8) -> 0 | AV8: =IF(AU8>=80,1,0) -> 0 | AW8: =IFERROR(AVERAGEIFS('Base Kpi'!$BP:$BP,'Base Kpi'!$BI:$BI,Cliente!$E8,'Base Kpi'!$BO:$BO,Cliente!AW$5),0) -> 0 | AX8: =IFERROR(AVERAGEIFS('Base Kpi'!$BP:$BP,'Base Kpi'!$BI:$BI,Cliente!$E8,'Base Kpi'!$BO:$BO,Cliente!AX$5),0) -> 0 | AY8: =IFERROR(AVERAGEIFS('Base Kpi'!$BP:$BP,'Base Kpi'!$BI:$BI,Cliente!$E8,'Base Kpi'!$BO:$BO,Cliente!AY$5),0) -> 0 | AZ8: =IFERROR(AVERAGEIFS('Base Kpi'!$BP:$BP,'Base Kpi'!$BI:$BI,Cliente!$E8,'Base Kpi'!$BO:$BO,Cliente!AZ$5),0) -> 0 | BA8: =IFERROR(AVERAGEIFS('Base Kpi'!$BP:$BP,'Base Kpi'!$BI:$BI,Cliente!$E8,'Base Kpi'!$BO:$BO,Cliente!BA$5),0) -> 0 | BB8: =SUM(AW8:BA8) -> 0 | BC8: =IF(BB8>=80,1,0) -> 0 | BD8: =IF((BL8+BS8+BZ8)/3=0,"",(BL8+BS8+BZ8)/3) | BE8: =IF(IF(BK8>0,1,0)+IF(BR8>0,1,0)+IF(BX8>0,1,0)=3,1,0) -> 0 | BF8: =IF(BE8=0,0,IF(BD8>=80,1,0)) -> 0 | BG8: =IFERROR(AVERAGEIFS('Base Kpi'!$CB:$CB,'Base Kpi'!$BU:$BU,Cliente!$E8,'Base Kpi'!$CA:$CA,Cliente!BG$5),0) -> 0 | BH8: =IFERROR(AVERAGEIFS('Base Kpi'!$CB:$CB,'Base Kpi'!$BU:$BU,Cliente!$E8,'Base Kpi'!$CA:$CA,Cliente!BH$5),0) -> 0 | BI8: =IFERROR(AVERAGEIFS('Base Kpi'!$CB:$CB,'Base Kpi'!$BU:$BU,Cliente!$E8,'Base Kpi'!$CA:$CA,Cliente!BI$5),0) -> 0 | BJ8: =IFERROR(AVERAGEIFS('Base Kpi'!$CB:$CB,'Base Kpi'!$BU:$BU,Cliente!$E8,'Base Kpi'!$CA:$CA,Cliente!BJ$5),0) -> 0 | BK8: =IFERROR(AVERAGEIFS('Base Kpi'!$CB:$CB,'Base Kpi'!$BU:$BU,Cliente!$E8,'Base Kpi'!$CA:$CA,Cliente!BK$5),0) -> 0 | BL8: =SUM(BG8:BK8) -> 0 | BM8: =IF(BL8>=80,1,0) -> 0 | BN8: =IFERROR(AVERAGEIFS('Base Kpi'!$CN:$CN,'Base Kpi'!$CG:$CG,Cliente!$E8,'Base Kpi'!$CM:$CM,Cliente!BN$5),0) -> 0 | BO8: =IFERROR(AVERAGEIFS('Base Kpi'!$CN:$CN,'Base Kpi'!$CG:$CG,Cliente!$E8,'Base Kpi'!$CM:$CM,Cliente!BO$5),0) -> 0 | BP8: =IFERROR(AVERAGEIFS('Base Kpi'!$CN:$CN,'Base Kpi'!$CG:$CG,Cliente!$E8,'Base Kpi'!$CM:$CM,Cliente!BP$5),0) -> 0 | BQ8: =IFERROR(AVERAGEIFS('Base Kpi'!$CN:$CN,'Base Kpi'!$CG:$CG,Cliente!$E8,'Base Kpi'!$CM:$CM,Cliente!BQ$5),0) -> 0 | BR8: =IFERROR(AVERAGEIFS('Base Kpi'!$CN:$CN,'Base Kpi'!$CG:$CG,Cliente!$E8,'Base Kpi'!$CM:$CM,Cliente!BR$5),0) -> 0 | BS8: =SUM(BN8:BR8) -> 0 | BT8: =IF(BS8>=80,1,0) -> 0 | BU8: =IFERROR(AVERAGEIFS('Base Kpi'!$CZ:$CZ,'Base Kpi'!$CS:$CS,Cliente!$E8,'Base Kpi'!$CY:$CY,Cliente!BU$5),0) -> 0 | BV8: =IFERROR(AVERAGEIFS('Base Kpi'!$CZ:$CZ,'Base Kpi'!$CS:$CS,Cliente!$E8,'Base Kpi'!$CY:$CY,Cliente!BV$5),0) -> 0 | BW8: =IFERROR(AVERAGEIFS('Base Kpi'!$CZ:$CZ,'Base Kpi'!$CS:$CS,Cliente!$E8,'Base Kpi'!$CY:$CY,Cliente!BW$5),0) -> 0 | BX8: =IFERROR(AVERAGEIFS('Base Kpi'!$CZ:$CZ,'Base Kpi'!$CS:$CS,Cliente!$E8,'Base Kpi'!$CY:$CY,Cliente!BX$5),0) -> 0 | BY8: =IFERROR(AVERAGEIFS('Base Kpi'!$CZ:$CZ,'Base Kpi'!$CS:$CS,Cliente!$E8,'Base Kpi'!$CY:$CY,Cliente!BY$5),0) -> 0 | BZ8: =SUM(BU8:BY8) -> 0 | CA8: =IF(BZ8>=80,1,0) -> 0 | CB8: =IF((CL8+CU8+DD8)/3=0,"",(CL8+CU8+DD8)/3) | CC8: =IF(IF(CL8>0,1,0)+IF(CU8>0,1,0)+IF(DD8>0,1,0)=3,1,0) -> 0 | CD8: =IF(CC8=0,0,IF(CB8>=7,1,0)) -> 0 | CE8: {=IFERROR(LARGE(_xlfn._xlws.FILTER('Base Kpi'!$DL:$DL,('Base Kpi'!$DK:$DK=$CE$5)*('Base Kpi'!$DE:$DE=Cliente!$E8)),1),0)} -> 0 | CF8: {=IFERROR(LARGE(_xlfn._xlws.FILTER('Base Kpi'!$DL:$DL,('Base Kpi'!$DK:$DK=$CF$5)*('Base Kpi'!$DE:$DE=Cliente!$E8)),1),0)} -> 0 | CG8: {=IFERROR(LARGE(_xlfn._xlws.FILTER('Base Kpi'!$DL:$DL,('Base Kpi'!$DK:$DK=$CG$5)*('Base Kpi'!$DE:$DE=Cliente!$E8)),1),0)} -> 0 | CH8: {=IFERROR(LARGE(_xlfn._xlws.FILTER('Base Kpi'!$DL:$DL,('Base Kpi'!$DK:$DK=$CH$5)*('Base Kpi'!$DE:$DE=Cliente!$E8)),1),0)} -> 0 | CI8: {=IFERROR(LARGE(_xlfn._xlws.FILTER('Base Kpi'!$DL:$DL,('Base Kpi'!$DK:$DK=$CI$5)*('Base Kpi'!$DE:$DE=Cliente!$E8)),1),0)} -> 0 | CJ8: {=IFERROR(LARGE(_xlfn._xlws.FILTER('Base Kpi'!$DL:$DL,('Base Kpi'!$DK:$DK=$CJ$5)*('Base Kpi'!$DE:$DE=Cliente!$E8)),1),0)} -> 0 | CK8: {=IFERROR(LARGE(_xlfn._xlws.FILTER('Base Kpi'!$DL:$DL,('Base Kpi'!$DK:$DK=$CK$5)*('Base Kpi'!$DE:$DE=Cliente!$E8)),1),0)} -> 0 | CL8: =SUM(CE8:CK8) -> 0 | CM8: =IF(CL8>=80,1,0) -> 0 | CN8: =IFERROR(AVERAGEIFS('Base Kpi'!$DX:$DX,'Base Kpi'!$DQ:$DQ,Cliente!$E8,'Base Kpi'!$DW:$DW,Cliente!CN$5),0) -> 0 | CO8: =IFERROR(AVERAGEIFS('Base Kpi'!$DX:$DX,'Base Kpi'!$DQ:$DQ,Cliente!$E8,'Base Kpi'!$DW:$DW,Cliente!CO$5),0) -> 0 | CP8: =IFERROR(AVERAGEIFS('Base Kpi'!$DX:$DX,'Base Kpi'!$DQ:$DQ,Cliente!$E8,'Base Kpi'!$DW:$DW,Cliente!CP$5),0) -> 0 | CQ8: =IFERROR(AVERAGEIFS('Base Kpi'!$DX:$DX,'Base Kpi'!$DQ:$DQ,Cliente!$E8,'Base Kpi'!$DW:$DW,Cliente!CQ$5),0) -> 0 | CR8: =IFERROR(AVERAGEIFS('Base Kpi'!$DX:$DX,'Base Kpi'!$DQ:$DQ,Cliente!$E8,'Base Kpi'!$DW:$DW,Cliente!CR$5),0) -> 0 | CS8: =IFERROR(AVERAGEIFS('Base Kpi'!$DX:$DX,'Base Kpi'!$DQ:$DQ,Cliente!$E8,'Base Kpi'!$DW:$DW,Cliente!CS$5),0) -> 0 | CT8: =IFERROR(AVERAGEIFS('Base Kpi'!$DX:$DX,'Base Kpi'!$DQ:$DQ,Cliente!$E8,'Base Kpi'!$DW:$DW,Cliente!CT$5),0) -> 0 | CU8: =SUM(CN8:CT8) -> 0 | CV8: =IF(CU8>=7,1,0) -> 0 | CW8: =IFERROR(AVERAGEIFS('Base Kpi'!$EJ:$EJ,'Base Kpi'!$EC:$EC,Cliente!$E8,'Base Kpi'!$EI:$EI,Cliente!CW$5),0) -> 0 | CX8: =IFERROR(AVERAGEIFS('Base Kpi'!$EJ:$EJ,'Base Kpi'!$EC:$EC,Cliente!$E8,'Base Kpi'!$EI:$EI,Cliente!CX$5),0) -> 0 | CY8: =IFERROR(AVERAGEIFS('Base Kpi'!$EJ:$EJ,'Base Kpi'!$EC:$EC,Cliente!$E8,'Base Kpi'!$EI:$EI,Cliente!CY$5),0) -> 0 | CZ8: =IFERROR(AVERAGEIFS('Base Kpi'!$EJ:$EJ,'Base Kpi'!$EC:$EC,Cliente!$E8,'Base Kpi'!$EI:$EI,Cliente!CZ$5),0) -> 0 | DA8: =IFERROR(AVERAGEIFS('Base Kpi'!$EJ:$EJ,'Base Kpi'!$EC:$EC,Cliente!$E8,'Base Kpi'!$EI:$EI,Cliente!DA$5),0) -> 0 | DB8: =IFERROR(AVERAGEIFS('Base Kpi'!$EJ:$EJ,'Base Kpi'!$EC:$EC,Cliente!$E8,'Base Kpi'!$EI:$EI,Cliente!DB$5),0) -> 0 | DC8: =IFERROR(AVERAGEIFS('Base Kpi'!$EJ:$EJ,'Base Kpi'!$EC:$EC,Cliente!$E8,'Base Kpi'!$EI:$EI,Cliente!DC$5),0) -> 0 | DD8: =SUM(CW8:DC8) -> 0 | DE8: =IF(DD8>=7,1,0) -> 0
B9: FLP-SUL MC/KA D | C9: 3919 | D9: MC-TBCR D | E9: 53405 | F9: M M ROSSO SUPERMERCADO LTDA | G9: CRICIUMA | H9: ROD LUIZ ROSSO 10870 | I9: QUARTA LINHA | J9: SM DE 05 A 09 CHECK-OUT | K9: REDE SM ROSSO | L9: =IF((S9+Y9+AE9)/3=0,"",(S9+Y9+AE9)/3) -> 62.755 | M9: =IF(IF(S9>0,1,0)+IF(Y9>0,1,0)+IF(AE9>0,1,0)=3,1,0) -> 1 | N9: =IF(M9=0,0,IF(L9>=80,1,0)) -> 0 | O9: =IFERROR(AVERAGEIFS('Base Kpi'!$I:$I,'Base Kpi'!$B:$B,Cliente!$E9,'Base Kpi'!$G:$G,Cliente!O$5),0) -> 25.71 | P9: =IFERROR(AVERAGEIFS('Base Kpi'!$I:$I,'Base Kpi'!$B:$B,Cliente!$E9,'Base Kpi'!$G:$G,Cliente!P$5),0) -> 0 | Q9: =IFERROR(AVERAGEIFS('Base Kpi'!$I:$I,'Base Kpi'!$B:$B,Cliente!$E9,'Base Kpi'!$G:$G,Cliente!Q$5),0) -> 6.8 | R9: =IFERROR(AVERAGEIFS('Base Kpi'!$I:$I,'Base Kpi'!$B:$B,Cliente!$E9,'Base Kpi'!$G:$G,Cliente!R$5),0) -> 30.375 | S9: =SUM(O9:R9) -> 62.885 | T9: =IF(S9>=80,1,0) -> 0 | U9: =IFERROR(AVERAGEIFS('Base Kpi'!$T:$T,'Base Kpi'!$M:$M,Cliente!$E9,'Base Kpi'!$S:$S,Cliente!U$5),0) -> 21.42 | V9: =IFERROR(AVERAGEIFS('Base Kpi'!$T:$T,'Base Kpi'!$M:$M,Cliente!$E9,'Base Kpi'!$S:$S,Cliente!V$5),0) -> 8 | W9: =IFERROR(AVERAGEIFS('Base Kpi'!$T:$T,'Base Kpi'!$M:$M,Cliente!$E9,'Base Kpi'!$S:$S,Cliente!W$5),0) -> 8.5 | X9: =IFERROR(AVERAGEIFS('Base Kpi'!$T:$T,'Base Kpi'!$M:$M,Cliente!$E9,'Base Kpi'!$S:$S,Cliente!X$5),0) -> 14.625 | Y9: =SUM(U9:X9) -> 52.545 | Z9: =IF(Y9>=80,1,0) -> 0 | AA9: =IFERROR(AVERAGEIFS('Base Kpi'!$AF:$AF,'Base Kpi'!$Y:$Y,Cliente!$E9,'Base Kpi'!$AE:$AE,Cliente!AA$5),0) -> 25.71 | AB9: =IFERROR(AVERAGEIFS('Base Kpi'!$AF:$AF,'Base Kpi'!$Y:$Y,Cliente!$E9,'Base Kpi'!$AE:$AE,Cliente!AB$5),0) -> 8 | AC9: =IFERROR(AVERAGEIFS('Base Kpi'!$AF:$AF,'Base Kpi'!$Y:$Y,Cliente!$E9,'Base Kpi'!$AE:$AE,Cliente!AC$5),0) -> 4.25 | AD9: =IFERROR(AVERAGEIFS('Base Kpi'!$AF:$AF,'Base Kpi'!$Y:$Y,Cliente!$E9,'Base Kpi'!$AE:$AE,Cliente!AD$5),0) -> 34.875 | AE9: =SUM(AA9:AD9) -> 72.835 | AF9: =IF(AE9>=80,1,0) -> 0 | AG9: =IF((AN9+AU9+BB9)/3=0,"",(AN9+AU9+BB9)/3) -> 45.53 | AH9: =IF(IF(AN9>0,1,0)+IF(AU9>0,1,0)+IF(BB9>0,1,0)=3,1,0) -> 0 | AI9: =IF(AH9=0,0,IF(AG9>=7,1,0)) -> 0 | AJ9: =IFERROR(AVERAGEIFS('Base Kpi'!$AR:$AR,'Base Kpi'!$AK:$AK,Cliente!$E9,'Base Kpi'!$AQ:$AQ,AJ$5),0) -> 21.425 | AK9: =IFERROR(AVERAGEIFS('Base Kpi'!$AR:$AR,'Base Kpi'!$AK:$AK,Cliente!$E9,'Base Kpi'!$AQ:$AQ,AK$5),0) -> 2.5 | AL9: =IFERROR(AVERAGEIFS('Base Kpi'!$AR:$AR,'Base Kpi'!$AK:$AK,Cliente!$E9,'Base Kpi'!$AQ:$AQ,AL$5),0) -> 9 | AM9: =IFERROR(AVERAGEIFS('Base Kpi'!$AR:$AR,'Base Kpi'!$AK:$AK,Cliente!$E9,'Base Kpi'!$AQ:$AQ,AM$5),0) -> 31.32 | AN9: =SUM(AJ9:AM9) -> 64.245 | AO9: =IF(AN9>=80,1,0) -> 0 | AP9: =IFERROR(AVERAGEIFS('Base Kpi'!$BD:$BD,'Base Kpi'!$AW:$AW,Cliente!$E9,'Base Kpi'!$BC:$BC,Cliente!AP$5),0) -> 0 | AQ9: =IFERROR(AVERAGEIFS('Base Kpi'!$BD:$BD,'Base Kpi'!$AW:$AW,Cliente!$E9,'Base Kpi'!$BC:$BC,Cliente!AQ$5),0) -> 0 | AR9: =IFERROR(AVERAGEIFS('Base Kpi'!$BD:$BD,'Base Kpi'!$AW:$AW,Cliente!$E9,'Base Kpi'!$BC:$BC,Cliente!AR$5),0) -> 0 | AS9: =IFERROR(AVERAGEIFS('Base Kpi'!$BD:$BD,'Base Kpi'!$AW:$AW,Cliente!$E9,'Base Kpi'!$BC:$BC,Cliente!AS$5),0) -> 0 | AT9: =IFERROR(AVERAGEIFS('Base Kpi'!$BD:$BD,'Base Kpi'!$AW:$AW,Cliente!$E9,'Base Kpi'!$BC:$BC,Cliente!AT$5),0) -> 0 | AU9: =SUM(AP9:AT9) -> 0 | AV9: =IF(AU9>=80,1,0) -> 0 | AW9: =IFERROR(AVERAGEIFS('Base Kpi'!$BP:$BP,'Base Kpi'!$BI:$BI,Cliente!$E9,'Base Kpi'!$BO:$BO,Cliente!AW$5),0) -> 21.425 | AX9: =IFERROR(AVERAGEIFS('Base Kpi'!$BP:$BP,'Base Kpi'!$BI:$BI,Cliente!$E9,'Base Kpi'!$BO:$BO,Cliente!AX$5),0) -> 5 | AY9: =IFERROR(AVERAGEIFS('Base Kpi'!$BP:$BP,'Base Kpi'!$BI:$BI,Cliente!$E9,'Base Kpi'!$BO:$BO,Cliente!AY$5),0) -> 12 | AZ9: =IFERROR(AVERAGEIFS('Base Kpi'!$BP:$BP,'Base Kpi'!$BI:$BI,Cliente!$E9,'Base Kpi'!$BO:$BO,Cliente!AZ$5),0) -> 33.92 | BA9: =IFERROR(AVERAGEIFS('Base Kpi'!$BP:$BP,'Base Kpi'!$BI:$BI,Cliente!$E9,'Base Kpi'!$BO:$BO,Cliente!BA$5),0) -> 0 | BB9: =SUM(AW9:BA9) -> 72.345 | BC9: =IF(BB9>=80,1,0) -> 0 | BD9: =IF((BL9+BS9+BZ9)/3=0,"",(BL9+BS9+BZ9)/3) -> 83.025 | BE9: =IF(IF(BK9>0,1,0)+IF(BR9>0,1,0)+IF(BX9>0,1,0)=3,1,0) -> 1 | BF9: =IF(BE9=0,0,IF(BD9>=80,1,0)) -> 1 | BG9: =IFERROR(AVERAGEIFS('Base Kpi'!$CB:$CB,'Base Kpi'!$BU:$BU,Cliente!$E9,'Base Kpi'!$CA:$CA,Cliente!BG$5),0) -> 21.425 | BH9: =IFERROR(AVERAGEIFS('Base Kpi'!$CB:$CB,'Base Kpi'!$BU:$BU,Cliente!$E9,'Base Kpi'!$CA:$CA,Cliente!BH$5),0) -> 5 | BI9: =IFERROR(AVERAGEIFS('Base Kpi'!$CB:$CB,'Base Kpi'!$BU:$BU,Cliente!$E9,'Base Kpi'!$CA:$CA,Cliente!BI$5),0) -> 12 | BJ9: =IFERROR(AVERAGEIFS('Base Kpi'!$CB:$CB,'Base Kpi'!$BU:$BU,Cliente!$E9,'Base Kpi'!$CA:$CA,Cliente!BJ$5),0) -> 28 | BK9: =IFERROR(AVERAGEIFS('Base Kpi'!$CB:$CB,'Base Kpi'!$BU:$BU,Cliente!$E9,'Base Kpi'!$CA:$CA,Cliente!BK$5),0) -> 9 | BL9: =SUM(BG9:BK9) -> 75.425 | BM9: =IF(BL9>=80,1,0) -> 0 | BN9: =IFERROR(AVERAGEIFS('Base Kpi'!$CN:$CN,'Base Kpi'!$CG:$CG,Cliente!$E9,'Base Kpi'!$CM:$CM,Cliente!BN$5),0) -> 21.425 | BO9: =IFERROR(AVERAGEIFS('Base Kpi'!$CN:$CN,'Base Kpi'!$CG:$CG,Cliente!$E9,'Base Kpi'!$CM:$CM,Cliente!BO$5),0) -> 5 | BP9: =IFERROR(AVERAGEIFS('Base Kpi'!$CN:$CN,'Base Kpi'!$CG:$CG,Cliente!$E9,'Base Kpi'!$CM:$CM,Cliente!BP$5),0) -> 12 | BQ9: =IFERROR(AVERAGEIFS('Base Kpi'!$CN:$CN,'Base Kpi'!$CG:$CG,Cliente!$E9,'Base Kpi'!$CM:$CM,Cliente!BQ$5),0) -> 29.6 | BR9: =IFERROR(AVERAGEIFS('Base Kpi'!$CN:$CN,'Base Kpi'!$CG:$CG,Cliente!$E9,'Base Kpi'!$CM:$CM,Cliente!BR$5),0) -> 18 | BS9: =SUM(BN9:BR9) -> 86.025 | BT9: =IF(BS9>=80,1,0) -> 1 | BU9: =IFERROR(AVERAGEIFS('Base Kpi'!$CZ:$CZ,'Base Kpi'!$CS:$CS,Cliente!$E9,'Base Kpi'!$CY:$CY,Cliente!BU$5),0) -> 21.425 | BV9: =IFERROR(AVERAGEIFS('Base Kpi'!$CZ:$CZ,'Base Kpi'!$CS:$CS,Cliente!$E9,'Base Kpi'!$CY:$CY,Cliente!BV$5),0) -> 5 | BW9: =IFERROR(AVERAGEIFS('Base Kpi'!$CZ:$CZ,'Base Kpi'!$CS:$CS,Cliente!$E9,'Base Kpi'!$CY:$CY,Cliente!BW$5),0) -> 12 | BX9: =IFERROR(AVERAGEIFS('Base Kpi'!$CZ:$CZ,'Base Kpi'!$CS:$CS,Cliente!$E9,'Base Kpi'!$CY:$CY,Cliente!BX$5),0) -> 31.2 | BY9: =IFERROR(AVERAGEIFS('Base Kpi'!$CZ:$CZ,'Base Kpi'!$CS:$CS,Cliente!$E9,'Base Kpi'!$CY:$CY,Cliente!BY$5),0) -> 18 | BZ9: =SUM(BU9:BY9) -> 87.625 | CA9: =IF(BZ9>=80,1,0) -> 1 | CB9: =IF((CL9+CU9+DD9)/3=0,"",(CL9+CU9+DD9)/3) -> 59.55 | CC9: =IF(IF(CL9>0,1,0)+IF(CU9>0,1,0)+IF(DD9>0,1,0)=3,1,0) -> 0 | CD9: =IF(CC9=0,0,IF(CB9>=7,1,0)) -> 0 | CE9: {=IFERROR(LARGE(_xlfn._xlws.FILTER('Base Kpi'!$DL:$DL,('Base Kpi'!$DK:$DK=$CE$5)*('Base Kpi'!$DE:$DE=Cliente!$E9)),1),0)} -> 32.8 | CF9: {=IFERROR(LARGE(_xlfn._xlws.FILTER('Base Kpi'!$DL:$DL,('Base Kpi'!$DK:$DK=$CF$5)*('Base Kpi'!$DE:$DE=Cliente!$E9)),1),0)} -> 5 | CG9: {=IFERROR(LARGE(_xlfn._xlws.FILTER('Base Kpi'!$DL:$DL,('Base Kpi'!$DK:$DK=$CG$5)*('Base Kpi'!$DE:$DE=Cliente!$E9)),1),0)} -> 5 | CH9: {=IFERROR(LARGE(_xlfn._xlws.FILTER('Base Kpi'!$DL:$DL,('Base Kpi'!$DK:$DK=$CH$5)*('Base Kpi'!$DE:$DE=Cliente!$E9)),1),0)} -> 18 | CI9: {=IFERROR(LARGE(_xlfn._xlws.FILTER('Base Kpi'!$DL:$DL,('Base Kpi'!$DK:$DK=$CI$5)*('Base Kpi'!$DE:$DE=Cliente!$E9)),1),0)} -> 21.425 | CJ9: {=IFERROR(LARGE(_xlfn._xlws.FILTER('Base Kpi'!$DL:$DL,('Base Kpi'!$DK:$DK=$CJ$5)*('Base Kpi'!$DE:$DE=Cliente!$E9)),1),0)} -> 6 | CK9: {=IFERROR(LARGE(_xlfn._xlws.FILTER('Base Kpi'!$DL:$DL,('Base Kpi'!$DK:$DK=$CK$5)*('Base Kpi'!$DE:$DE=Cliente!$E9)),1),0)} -> 0 | CL9: =SUM(CE9:CK9) -> 88.225 | CM9: =IF(CL9>=80,1,0) -> 1 | CN9: =IFERROR(AVERAGEIFS('Base Kpi'!$DX:$DX,'Base Kpi'!$DQ:$DQ,Cliente!$E9,'Base Kpi'!$DW:$DW,Cliente!CN$5),0) -> 32 | CO9: =IFERROR(AVERAGEIFS('Base Kpi'!$DX:$DX,'Base Kpi'!$DQ:$DQ,Cliente!$E9,'Base Kpi'!$DW:$DW,Cliente!CO$5),0) -> 5 | CP9: =IFERROR(AVERAGEIFS('Base Kpi'!$DX:$DX,'Base Kpi'!$DQ:$DQ,Cliente!$E9,'Base Kpi'!$DW:$DW,Cliente!CP$5),0) -> 5 | CQ9: =IFERROR(AVERAGEIFS('Base Kpi'!$DX:$DX,'Base Kpi'!$DQ:$DQ,Cliente!$E9,'Base Kpi'!$DW:$DW,Cliente!CQ$5),0) -> 18 | CR9: =IFERROR(AVERAGEIFS('Base Kpi'!$DX:$DX,'Base Kpi'!$DQ:$DQ,Cliente!$E9,'Base Kpi'!$DW:$DW,Cliente!CR$5),0) -> 21.425 | CS9: =IFERROR(AVERAGEIFS('Base Kpi'!$DX:$DX,'Base Kpi'!$DQ:$DQ,Cliente!$E9,'Base Kpi'!$DW:$DW,Cliente!CS$5),0) -> 9 | CT9: =IFERROR(AVERAGEIFS('Base Kpi'!$DX:$DX,'Base Kpi'!$DQ:$DQ,Cliente!$E9,'Base Kpi'!$DW:$DW,Cliente!CT$5),0) -> 0 | CU9: =SUM(CN9:CT9) -> 90.425 | CV9: =IF(CU9>=7,1,0) -> 1 | CW9: =IFERROR(AVERAGEIFS('Base Kpi'!$EJ:$EJ,'Base Kpi'!$EC:$EC,Cliente!$E9,'Base Kpi'!$EI:$EI,Cliente!CW$5),0) -> 0 | CX9: =IFERROR(AVERAGEIFS('Base Kpi'!$EJ:$EJ,'Base Kpi'!$EC:$EC,Cliente!$E9,'Base Kpi'!$EI:$EI,Cliente!CX$5),0) -> 0 | CY9: =IFERROR(AVERAGEIFS('Base Kpi'!$EJ:$EJ,'Base Kpi'!$EC:$EC,Cliente!$E9,'Base Kpi'!$EI:$EI,Cliente!CY$5),0) -> 0 | CZ9: =IFERROR(AVERAGEIFS('Base Kpi'!$EJ:$EJ,'Base Kpi'!$EC:$EC,Cliente!$E9,'Base Kpi'!$EI:$EI,Cliente!CZ$5),0) -> 0 | DA9: =IFERROR(AVERAGEIFS('Base Kpi'!$EJ:$EJ,'Base Kpi'!$EC:$EC,Cliente!$E9,'Base Kpi'!$EI:$EI,Cliente!DA$5),0) -> 0 | DB9: =IFERROR(AVERAGEIFS('Base Kpi'!$EJ:$EJ,'Base Kpi'!$EC:$EC,Cliente!$E9,'Base Kpi'!$EI:$EI,Cliente!DB$5),0) -> 0 | DC9: =IFERROR(AVERAGEIFS('Base Kpi'!$EJ:$EJ,'Base Kpi'!$EC:$EC,Cliente!$E9,'Base Kpi'!$EI:$EI,Cliente!DC$5),0) -> 0 | DD9: =SUM(CW9:DC9) -> 0 | DE9: =IF(DD9>=7,1,0) -> 0
B10: FLP-SUL MC/KA D | C10: 3919 | D10: MC-TBCR D | E10: 53461 | F10: SUPERMERCADOS MANENTI LTDA LOJA 01 | G10: CRICIUMA | H10: AV DOS IMIGRANTES 1715 | I10: RIO MAINA | J10: SM DE 10 A 19 CHECK-OUT | K10: REDE MANENTI | L10: =IF((S10+Y10+AE10)/3=0,"",(S10+Y10+AE10)/3) -> 52.723333 | M10: =IF(IF(S10>0,1,0)+IF(Y10>0,1,0)+IF(AE10>0,1,0)=3,1,0) -> 1 | N10: =IF(M10=0,0,IF(L10>=80,1,0)) -> 0 | O10: =IFERROR(AVERAGEIFS('Base Kpi'!$I:$I,'Base Kpi'!$B:$B,Cliente!$E10,'Base Kpi'!$G:$G,Cliente!O$5),0) -> 21.42 | P10: =IFERROR(AVERAGEIFS('Base Kpi'!$I:$I,'Base Kpi'!$B:$B,Cliente!$E10,'Base Kpi'!$G:$G,Cliente!P$5),0) -> 0 | Q10: =IFERROR(AVERAGEIFS('Base Kpi'!$I:$I,'Base Kpi'!$B:$B,Cliente!$E10,'Base Kpi'!$G:$G,Cliente!Q$5),0) -> 10.2 | R10: =IFERROR(AVERAGEIFS('Base Kpi'!$I:$I,'Base Kpi'!$B:$B,Cliente!$E10,'Base Kpi'!$G:$G,Cliente!R$5),0) -> 14.625 | S10: =SUM(O10:R10) -> 46.245 | T10: =IF(S10>=80,1,0) -> 0 | U10: =IFERROR(AVERAGEIFS('Base Kpi'!$T:$T,'Base Kpi'!$M:$M,Cliente!$E10,'Base Kpi'!$S:$S,Cliente!U$5),0) -> 17.13 | V10: =IFERROR(AVERAGEIFS('Base Kpi'!$T:$T,'Base Kpi'!$M:$M,Cliente!$E10,'Base Kpi'!$S:$S,Cliente!V$5),0) -> 0 | W10: =IFERROR(AVERAGEIFS('Base Kpi'!$T:$T,'Base Kpi'!$M:$M,Cliente!$E10,'Base Kpi'!$S:$S,Cliente!W$5),0) -> 8.5 | X10: =IFERROR(AVERAGEIFS('Base Kpi'!$T:$T,'Base Kpi'!$M:$M,Cliente!$E10,'Base Kpi'!$S:$S,Cliente!X$5),0) -> 30.375 | Y10: =SUM(U10:X10) -> 56.005 | Z10: =IF(Y10>=80,1,0) -> 0 | AA10: =IFERROR(AVERAGEIFS('Base Kpi'!$AF:$AF,'Base Kpi'!$Y:$Y,Cliente!$E10,'Base Kpi'!$AE:$AE,Cliente!AA$5),0) -> 21.42 | AB10: =IFERROR(AVERAGEIFS('Base Kpi'!$AF:$AF,'Base Kpi'!$Y:$Y,Cliente!$E10,'Base Kpi'!$AE:$AE,Cliente!AB$5),0) -> 8 | AC10: =IFERROR(AVERAGEIFS('Base Kpi'!$AF:$AF,'Base Kpi'!$Y:$Y,Cliente!$E10,'Base Kpi'!$AE:$AE,Cliente!AC$5),0) -> 8.5 | AD10: =IFERROR(AVERAGEIFS('Base Kpi'!$AF:$AF,'Base Kpi'!$Y:$Y,Cliente!$E10,'Base Kpi'!$AE:$AE,Cliente!AD$5),0) -> 18 | AE10: =SUM(AA10:AD10) -> 55.92 | AF10: =IF(AE10>=80,1,0) -> 0 | AG10: =IF((AN10+AU10+BB10)/3=0,"",(AN10+AU10+BB10)/3) -> 63.463333 | AH10: =IF(IF(AN10>0,1,0)+IF(AU10>0,1,0)+IF(BB10>0,1,0)=3,1,0) -> 1 | AI10: =IF(AH10=0,0,IF(AG10>=7,1,0)) -> 1 | AJ10: =IFERROR(AVERAGEIFS('Base Kpi'!$AR:$AR,'Base Kpi'!$AK:$AK,Cliente!$E10,'Base Kpi'!$AQ:$AQ,AJ$5),0) -> 25 | AK10: =IFERROR(AVERAGEIFS('Base Kpi'!$AR:$AR,'Base Kpi'!$AK:$AK,Cliente!$E10,'Base Kpi'!$AQ:$AQ,AK$5),0) -> 2.5 | AL10: =IFERROR(AVERAGEIFS('Base Kpi'!$AR:$AR,'Base Kpi'!$AK:$AK,Cliente!$E10,'Base Kpi'!$AQ:$AQ,AL$5),0) -> 9 | AM10: =IFERROR(AVERAGEIFS('Base Kpi'!$AR:$AR,'Base Kpi'!$AK:$AK,Cliente!$E10,'Base Kpi'!$AQ:$AQ,AM$5),0) -> 30.44 | AN10: =SUM(AJ10:AM10) -> 66.94 | AO10: =IF(AN10>=80,1,0) -> 0 | AP10: =IFERROR(AVERAGEIFS('Base Kpi'!$BD:$BD,'Base Kpi'!$AW:$AW,Cliente!$E10,'Base Kpi'!$BC:$BC,Cliente!AP$5),0) -> 25 | AQ10: =IFERROR(AVERAGEIFS('Base Kpi'!$BD:$BD,'Base Kpi'!$AW:$AW,Cliente!$E10,'Base Kpi'!$BC:$BC,Cliente!AQ$5),0) -> 0 | AR10: =IFERROR(AVERAGEIFS('Base Kpi'!$BD:$BD,'Base Kpi'!$AW:$AW,Cliente!$E10,'Base Kpi'!$BC:$BC,Cliente!AR$5),0) -> 6 | AS10: =IFERROR(AVERAGEIFS('Base Kpi'!$BD:$BD,'Base Kpi'!$AW:$AW,Cliente!$E10,'Base Kpi'!$BC:$BC,Cliente!AS$5),0) -> 28.68 | AT10: =IFERROR(AVERAGEIFS('Base Kpi'!$BD:$BD,'Base Kpi'!$AW:$AW,Cliente!$E10,'Base Kpi'!$BC:$BC,Cliente!AT$5),0) -> 0 | AU10: =SUM(AP10:AT10) -> 59.68 | AV10: =IF(AU10>=80,1,0) -> 0 | AW10: =IFERROR(AVERAGEIFS('Base Kpi'!$BP:$BP,'Base Kpi'!$BI:$BI,Cliente!$E10,'Base Kpi'!$BO:$BO,Cliente!AW$5),0) -> 21.425 | AX10: =IFERROR(AVERAGEIFS('Base Kpi'!$BP:$BP,'Base Kpi'!$BI:$BI,Cliente!$E10,'Base Kpi'!$BO:$BO,Cliente!AX$5),0) -> 1.665 | AY10: =IFERROR(AVERAGEIFS('Base Kpi'!$BP:$BP,'Base Kpi'!$BI:$BI,Cliente!$E10,'Base Kpi'!$BO:$BO,Cliente!AY$5),0) -> 12 | AZ10: =IFERROR(AVERAGEIFS('Base Kpi'!$BP:$BP,'Base Kpi'!$BI:$BI,Cliente!$E10,'Base Kpi'!$BO:$BO,Cliente!AZ$5),0) -> 28.68 | BA10: =IFERROR(AVERAGEIFS('Base Kpi'!$BP:$BP,'Base Kpi'!$BI:$BI,Cliente!$E10,'Base Kpi'!$BO:$BO,Cliente!BA$5),0) -> 0 | BB10: =SUM(AW10:BA10) -> 63.77 | BC10: =IF(BB10>=80,1,0) -> 0 | BD10: =IF((BL10+BS10+BZ10)/3=0,"",(BL10+BS10+BZ10)/3) -> 83.6 | BE10: =IF(IF(BK10>0,1,0)+IF(BR10>0,1,0)+IF(BX10>0,1,0)=3,1,0) -> 1 | BF10: =IF(BE10=0,0,IF(BD10>=80,1,0)) -> 1 | BG10: =IFERROR(AVERAGEIFS('Base Kpi'!$CB:$CB,'Base Kpi'!$BU:$BU,Cliente!$E10,'Base Kpi'!$CA:$CA,Cliente!BG$5),0) -> 25 | BH10: =IFERROR(AVERAGEIFS('Base Kpi'!$CB:$CB,'Base Kpi'!$BU:$BU,Cliente!$E10,'Base Kpi'!$CA:$CA,Cliente!BH$5),0) -> 5 | BI10: =IFERROR(AVERAGEIFS('Base Kpi'!$CB:$CB,'Base Kpi'!$BU:$BU,Cliente!$E10,'Base Kpi'!$CA:$CA,Cliente!BI$5),0) -> 12 | BJ10: =IFERROR(AVERAGEIFS('Base Kpi'!$CB:$CB,'Base Kpi'!$BU:$BU,Cliente!$E10,'Base Kpi'!$CA:$CA,Cliente!BJ$5),0) -> 30.4 | BK10: =IFERROR(AVERAGEIFS('Base Kpi'!$CB:$CB,'Base Kpi'!$BU:$BU,Cliente!$E10,'Base Kpi'!$CA:$CA,Cliente!BK$5),0) -> 9 | BL10: =SUM(BG10:BK10) -> 81.4 | BM10: =IF(BL10>=80,1,0) -> 1 | BN10: =IFERROR(AVERAGEIFS('Base Kpi'!$CN:$CN,'Base Kpi'!$CG:$CG,Cliente!$E10,'Base Kpi'!$CM:$CM,Cliente!BN$5),0) -> 25 | BO10: =IFERROR(AVERAGEIFS('Base Kpi'!$CN:$CN,'Base Kpi'!$CG:$CG,Cliente!$E10,'Base Kpi'!$CM:$CM,Cliente!BO$5),0) -> 5 | BP10: =IFERROR(AVERAGEIFS('Base Kpi'!$CN:$CN,'Base Kpi'!$CG:$CG,Cliente!$E10,'Base Kpi'!$CM:$CM,Cliente!BP$5),0) -> 12 | BQ10: =IFERROR(AVERAGEIFS('Base Kpi'!$CN:$CN,'Base Kpi'!$CG:$CG,Cliente!$E10,'Base Kpi'!$CM:$CM,Cliente!BQ$5),0) -> 29.6 | BR10: =IFERROR(AVERAGEIFS('Base Kpi'!$CN:$CN,'Base Kpi'!$CG:$CG,Cliente!$E10,'Base Kpi'!$CM:$CM,Cliente!BR$5),0) -> 9 | BS10: =SUM(BN10:BR10) -> 80.6 | BT10: =IF(BS10>=80,1,0) -> 1 | BU10: =IFERROR(AVERAGEIFS('Base Kpi'!$CZ:$CZ,'Base Kpi'!$CS:$CS,Cliente!$E10,'Base Kpi'!$CY:$CY,Cliente!BU$5),0) -> 25 | BV10: =IFERROR(AVERAGEIFS('Base Kpi'!$CZ:$CZ,'Base Kpi'!$CS:$CS,Cliente!$E10,'Base Kpi'!$CY:$CY,Cliente!BV$5),0) -> 5 | BW10: =IFERROR(AVERAGEIFS('Base Kpi'!$CZ:$CZ,'Base Kpi'!$CS:$CS,Cliente!$E10,'Base Kpi'!$CY:$CY,Cliente!BW$5),0) -> 12 | BX10: =IFERROR(AVERAGEIFS('Base Kpi'!$CZ:$CZ,'Base Kpi'!$CS:$CS,Cliente!$E10,'Base Kpi'!$CY:$CY,Cliente!BX$5),0) -> 28.8 | BY10: =IFERROR(AVERAGEIFS('Base Kpi'!$CZ:$CZ,'Base Kpi'!$CS:$CS,Cliente!$E10,'Base Kpi'!$CY:$CY,Cliente!BY$5),0) -> 18 | BZ10: =SUM(BU10:BY10) -> 88.8 | CA10: =IF(BZ10>=80,1,0) -> 1 | CB10: =IF((CL10+CU10+DD10)/3=0,"",(CL10+CU10+DD10)/3) -> 94.533333 | CC10: =IF(IF(CL10>0,1,0)+IF(CU10>0,1,0)+IF(DD10>0,1,0)=3,1,0) -> 1 | CD10: =IF(CC10=0,0,IF(CB10>=7,1,0)) -> 1 | CE10: {=IFERROR(LARGE(_xlfn._xlws.FILTER('Base Kpi'!$DL:$DL,('Base Kpi'!$DK:$DK=$CE$5)*('Base Kpi'!$DE:$DE=Cliente!$E10)),1),0)} -> 32.8 | CF10: {=IFERROR(LARGE(_xlfn._xlws.FILTER('Base Kpi'!$DL:$DL,('Base Kpi'!$DK:$DK=$CF$5)*('Base Kpi'!$DE:$DE=Cliente!$E10)),1),0)} -> 5 | CG10: {=IFERROR(LARGE(_xlfn._xlws.FILTER('Base Kpi'!$DL:$DL,('Base Kpi'!$DK:$DK=$CG$5)*('Base Kpi'!$DE:$DE=Cliente!$E10)),1),0)} -> 5 | CH10: {=IFERROR(LARGE(_xlfn._xlws.FILTER('Base Kpi'!$DL:$DL,('Base Kpi'!$DK:$DK=$CH$5)*('Base Kpi'!$DE:$DE=Cliente!$E10)),1),0)} -> 9 | CI10: {=IFERROR(LARGE(_xlfn._xlws.FILTER('Base Kpi'!$DL:$DL,('Base Kpi'!$DK:$DK=$CI$5)*('Base Kpi'!$DE:$DE=Cliente!$E10)),1),0)} -> 25 | CJ10: {=IFERROR(LARGE(_xlfn._xlws.FILTER('Base Kpi'!$DL:$DL,('Base Kpi'!$DK:$DK=$CJ$5)*('Base Kpi'!$DE:$DE=Cliente!$E10)),1),0)} -> 12 | CK10: {=IFERROR(LARGE(_xlfn._xlws.FILTER('Base Kpi'!$DL:$DL,('Base Kpi'!$DK:$DK=$CK$5)*('Base Kpi'!$DE:$DE=Cliente!$E10)),1),0)} -> 0 | CL10: =SUM(CE10:CK10) -> 88.8 | CM10: =IF(CL10>=80,1,0) -> 1 | CN10: =IFERROR(AVERAGEIFS('Base Kpi'!$DX:$DX,'Base Kpi'!$DQ:$DQ,Cliente!$E10,'Base Kpi'!$DW:$DW,Cliente!CN$5),0) -> 31.2 | CO10: =IFERROR(AVERAGEIFS('Base Kpi'!$DX:$DX,'Base Kpi'!$DQ:$DQ,Cliente!$E10,'Base Kpi'!$DW:$DW,Cliente!CO$5),0) -> 5 | CP10: =IFERROR(AVERAGEIFS('Base Kpi'!$DX:$DX,'Base Kpi'!$DQ:$DQ,Cliente!$E10,'Base Kpi'!$DW:$DW,Cliente!CP$5),0) -> 5 | CQ10: =IFERROR(AVERAGEIFS('Base Kpi'!$DX:$DX,'Base Kpi'!$DQ:$DQ,Cliente!$E10,'Base Kpi'!$DW:$DW,Cliente!CQ$5),0) -> 18 | CR10: =IFERROR(AVERAGEIFS('Base Kpi'!$DX:$DX,'Base Kpi'!$DQ:$DQ,Cliente!$E10,'Base Kpi'!$DW:$DW,Cliente!CR$5),0) -> 25 | CS10: =IFERROR(AVERAGEIFS('Base Kpi'!$DX:$DX,'Base Kpi'!$DQ:$DQ,Cliente!$E10,'Base Kpi'!$DW:$DW,Cliente!CS$5),0) -> 12 | CT10: =IFERROR(AVERAGEIFS('Base Kpi'!$DX:$DX,'Base Kpi'!$DQ:$DQ,Cliente!$E10,'Base Kpi'!$DW:$DW,Cliente!CT$5),0) -> 0 | CU10: =SUM(CN10:CT10) -> 96.2 | CV10: =IF(CU10>=7,1,0) -> 1 | CW10: =IFERROR(AVERAGEIFS('Base Kpi'!$EJ:$EJ,'Base Kpi'!$EC:$EC,Cliente!$E10,'Base Kpi'!$EI:$EI,Cliente!CW$5),0) -> 33.6 | CX10: =IFERROR(AVERAGEIFS('Base Kpi'!$EJ:$EJ,'Base Kpi'!$EC:$EC,Cliente!$E10,'Base Kpi'!$EI:$EI,Cliente!CX$5),0) -> 5 | CY10: =IFERROR(AVERAGEIFS('Base Kpi'!$EJ:$EJ,'Base Kpi'!$EC:$EC,Cliente!$E10,'Base Kpi'!$EI:$EI,Cliente!CY$5),0) -> 5 | CZ10: =IFERROR(AVERAGEIFS('Base Kpi'!$EJ:$EJ,'Base Kpi'!$EC:$EC,Cliente!$E10,'Base Kpi'!$EI:$EI,Cliente!CZ$5),0) -> 18 | DA10: =IFERROR(AVERAGEIFS('Base Kpi'!$EJ:$EJ,'Base Kpi'!$EC:$EC,Cliente!$E10,'Base Kpi'!$EI:$EI,Cliente!DA$5),0) -> 25 | DB10: =IFERROR(AVERAGEIFS('Base Kpi'!$EJ:$EJ,'Base Kpi'!$EC:$EC,Cliente!$E10,'Base Kpi'!$EI:$EI,Cliente!DB$5),0) -> 12 | DC10: =IFERROR(AVERAGEIFS('Base Kpi'!$EJ:$EJ,'Base Kpi'!$EC:$EC,Cliente!$E10,'Base Kpi'!$EI:$EI,Cliente!DC$5),0) -> 0 | DD10: =SUM(CW10:DC10) -> 98.6 | DE10: =IF(DD10>=7,1,0) -> 1
B11: FLP-SUL MC/KA D | C11: 3919 | D11: MC-TBCR D | E11: 56110 | F11: SUPERMERCADOS MANENTI LTDA LOJA 02 | G11: CRICIUMA | H11: AV COCAL 1715 | I11: MINA UNIAO | J11: SM DE 10 A 19 CHECK-OUT | K11: REDE MANENTI | L11: =IF((S11+Y11+AE11)/3=0,"",(S11+Y11+AE11)/3) -> 75.775 | M11: =IF(IF(S11>0,1,0)+IF(Y11>0,1,0)+IF(AE11>0,1,0)=3,1,0) -> 1 | N11: =IF(M11=0,0,IF(L11>=80,1,0)) -> 0 | O11: =IFERROR(AVERAGEIFS('Base Kpi'!$I:$I,'Base Kpi'!$B:$B,Cliente!$E11,'Base Kpi'!$G:$G,Cliente!O$5),0) -> 30 | P11: =IFERROR(AVERAGEIFS('Base Kpi'!$I:$I,'Base Kpi'!$B:$B,Cliente!$E11,'Base Kpi'!$G:$G,Cliente!P$5),0) -> 0 | Q11: =IFERROR(AVERAGEIFS('Base Kpi'!$I:$I,'Base Kpi'!$B:$B,Cliente!$E11,'Base Kpi'!$G:$G,Cliente!Q$5),0) -> 10.2 | R11: =IFERROR(AVERAGEIFS('Base Kpi'!$I:$I,'Base Kpi'!$B:$B,Cliente!$E11,'Base Kpi'!$G:$G,Cliente!R$5),0) -> 32.625 | S11: =SUM(O11:R11) -> 72.825 | T11: =IF(S11>=80,1,0) -> 0 | U11: =IFERROR(AVERAGEIFS('Base Kpi'!$T:$T,'Base Kpi'!$M:$M,Cliente!$E11,'Base Kpi'!$S:$S,Cliente!U$5),0) -> 30 | V11: =IFERROR(AVERAGEIFS('Base Kpi'!$T:$T,'Base Kpi'!$M:$M,Cliente!$E11,'Base Kpi'!$S:$S,Cliente!V$5),0) -> 0 | W11: =IFERROR(AVERAGEIFS('Base Kpi'!$T:$T,'Base Kpi'!$M:$M,Cliente!$E11,'Base Kpi'!$S:$S,Cliente!W$5),0) -> 12.75 | X11: =IFERROR(AVERAGEIFS('Base Kpi'!$T:$T,'Base Kpi'!$M:$M,Cliente!$E11,'Base Kpi'!$S:$S,Cliente!X$5),0) -> 32.625 | Y11: =SUM(U11:X11) -> 75.375 | Z11: =IF(Y11>=80,1,0) -> 0 | AA11: =IFERROR(AVERAGEIFS('Base Kpi'!$AF:$AF,'Base Kpi'!$Y:$Y,Cliente!$E11,'Base Kpi'!$AE:$AE,Cliente!AA$5),0) -> 30 | AB11: =IFERROR(AVERAGEIFS('Base Kpi'!$AF:$AF,'Base Kpi'!$Y:$Y,Cliente!$E11,'Base Kpi'!$AE:$AE,Cliente!AB$5),0) -> 8 | AC11: =IFERROR(AVERAGEIFS('Base Kpi'!$AF:$AF,'Base Kpi'!$Y:$Y,Cliente!$E11,'Base Kpi'!$AE:$AE,Cliente!AC$5),0) -> 8.5 | AD11: =IFERROR(AVERAGEIFS('Base Kpi'!$AF:$AF,'Base Kpi'!$Y:$Y,Cliente!$E11,'Base Kpi'!$AE:$AE,Cliente!AD$5),0) -> 32.625 | AE11: =SUM(AA11:AD11) -> 79.125 | AF11: =IF(AE11>=80,1,0) -> 0 | AG11: =IF((AN11+AU11+BB11)/3=0,"",(AN11+AU11+BB11)/3) -> 43.108333 | AH11: =IF(IF(AN11>0,1,0)+IF(AU11>0,1,0)+IF(BB11>0,1,0)=3,1,0) -> 0 | AI11: =IF(AH11=0,0,IF(AG11>=7,1,0)) -> 0 | AJ11: =IFERROR(AVERAGEIFS('Base Kpi'!$AR:$AR,'Base Kpi'!$AK:$AK,Cliente!$E11,'Base Kpi'!$AQ:$AQ,AJ$5),0) -> 21.425 | AK11: =IFERROR(AVERAGEIFS('Base Kpi'!$AR:$AR,'Base Kpi'!$AK:$AK,Cliente!$E11,'Base Kpi'!$AQ:$AQ,AK$5),0) -> 2.5 | AL11: =IFERROR(AVERAGEIFS('Base Kpi'!$AR:$AR,'Base Kpi'!$AK:$AK,Cliente!$E11,'Base Kpi'!$AQ:$AQ,AL$5),0) -> 6 | AM11: =IFERROR(AVERAGEIFS('Base Kpi'!$AR:$AR,'Base Kpi'!$AK:$AK,Cliente!$E11,'Base Kpi'!$AQ:$AQ,AM$5),0) -> 30.44 | AN11: =SUM(AJ11:AM11) -> 60.365 | AO11: =IF(AN11>=80,1,0) -> 0 | AP11: =IFERROR(AVERAGEIFS('Base Kpi'!$BD:$BD,'Base Kpi'!$AW:$AW,Cliente!$E11,'Base Kpi'!$BC:$BC,Cliente!AP$5),0) -> 0 | AQ11: =IFERROR(AVERAGEIFS('Base Kpi'!$BD:$BD,'Base Kpi'!$AW:$AW,Cliente!$E11,'Base Kpi'!$BC:$BC,Cliente!AQ$5),0) -> 0 | AR11: =IFERROR(AVERAGEIFS('Base Kpi'!$BD:$BD,'Base Kpi'!$AW:$AW,Cliente!$E11,'Base Kpi'!$BC:$BC,Cliente!AR$5),0) -> 0 | AS11: =IFERROR(AVERAGEIFS('Base Kpi'!$BD:$BD,'Base Kpi'!$AW:$AW,Cliente!$E11,'Base Kpi'!$BC:$BC,Cliente!AS$5),0) -> 0 | AT11: =IFERROR(AVERAGEIFS('Base Kpi'!$BD:$BD,'Base Kpi'!$AW:$AW,Cliente!$E11,'Base Kpi'!$BC:$BC,Cliente!AT$5),0) -> 0 | AU11: =SUM(AP11:AT11) -> 0 | AV11: =IF(AU11>=80,1,0) -> 0 | AW11: =IFERROR(AVERAGEIFS('Base Kpi'!$BP:$BP,'Base Kpi'!$BI:$BI,Cliente!$E11,'Base Kpi'!$BO:$BO,Cliente!AW$5),0) -> 25 | AX11: =IFERROR(AVERAGEIFS('Base Kpi'!$BP:$BP,'Base Kpi'!$BI:$BI,Cliente!$E11,'Base Kpi'!$BO:$BO,Cliente!AX$5),0) -> 5 | AY11: =IFERROR(AVERAGEIFS('Base Kpi'!$BP:$BP,'Base Kpi'!$BI:$BI,Cliente!$E11,'Base Kpi'!$BO:$BO,Cliente!AY$5),0) -> 12 | AZ11: =IFERROR(AVERAGEIFS('Base Kpi'!$BP:$BP,'Base Kpi'!$BI:$BI,Cliente!$E11,'Base Kpi'!$BO:$BO,Cliente!AZ$5),0) -> 26.96 | BA11: =IFERROR(AVERAGEIFS('Base Kpi'!$BP:$BP,'Base Kpi'!$BI:$BI,Cliente!$E11,'Base Kpi'!$BO:$BO,Cliente!BA$5),0) -> 0 | BB11: =SUM(AW11:BA11) -> 68.96 | BC11: =IF(BB11>=80,1,0) -> 0 | BD11: =IF((BL11+BS11+BZ11)/3=0,"",(BL11+BS11+BZ11)/3) -> 75.133333 | BE11: =IF(IF(BK11>0,1,0)+IF(BR11>0,1,0)+IF(BX11>0,1,0)=3,1,0) -> 0 | BF11: =IF(BE11=0,0,IF(BD11>=80,1,0)) -> 0 | BG11: =IFERROR(AVERAGEIFS('Base Kpi'!$CB:$CB,'Base Kpi'!$BU:$BU,Cliente!$E11,'Base Kpi'!$CA:$CA,Cliente!BG$5),0) -> 25 | BH11: =IFERROR(AVERAGEIFS('Base Kpi'!$CB:$CB,'Base Kpi'!$BU:$BU,Cliente!$E11,'Base Kpi'!$CA:$CA,Cliente!BH$5),0) -> 5 | BI11: =IFERROR(AVERAGEIFS('Base Kpi'!$CB:$CB,'Base Kpi'!$BU:$BU,Cliente!$E11,'Base Kpi'!$CA:$CA,Cliente!BI$5),0) -> 12 | BJ11: =IFERROR(AVERAGEIFS('Base Kpi'!$CB:$CB,'Base Kpi'!$BU:$BU,Cliente!$E11,'Base Kpi'!$CA:$CA,Cliente!BJ$5),0) -> 31.2 | BK11: =IFERROR(AVERAGEIFS('Base Kpi'!$CB:$CB,'Base Kpi'!$BU:$BU,Cliente!$E11,'Base Kpi'!$CA:$CA,Cliente!BK$5),0) -> 0 | BL11: =SUM(BG11:BK11) -> 73.2 | BM11: =IF(BL11>=80,1,0) -> 0 | BN11: =IFERROR(AVERAGEIFS('Base Kpi'!$CN:$CN,'Base Kpi'!$CG:$CG,Cliente!$E11,'Base Kpi'!$CM:$CM,Cliente!BN$5),0) -> 25 | BO11: =IFERROR(AVERAGEIFS('Base Kpi'!$CN:$CN,'Base Kpi'!$CG:$CG,Cliente!$E11,'Base Kpi'!$CM:$CM,Cliente!BO$5),0) -> 5 | BP11: =IFERROR(AVERAGEIFS('Base Kpi'!$CN:$CN,'Base Kpi'!$CG:$CG,Cliente!$E11,'Base Kpi'!$CM:$CM,Cliente!BP$5),0) -> 12 | BQ11: =IFERROR(AVERAGEIFS('Base Kpi'!$CN:$CN,'Base Kpi'!$CG:$CG,Cliente!$E11,'Base Kpi'!$CM:$CM,Cliente!BQ$5),0) -> 28.8 | BR11: =IFERROR(AVERAGEIFS('Base Kpi'!$CN:$CN,'Base Kpi'!$CG:$CG,Cliente!$E11,'Base Kpi'!$CM:$CM,Cliente!BR$5),0) -> 0 | BS11: =SUM(BN11:BR11) -> 70.8 | BT11: =IF(BS11>=80,1,0) -> 0 | BU11: =IFERROR(AVERAGEIFS('Base Kpi'!$CZ:$CZ,'Base Kpi'!$CS:$CS,Cliente!$E11,'Base Kpi'!$CY:$CY,Cliente!BU$5),0) -> 25 | BV11: =IFERROR(AVERAGEIFS('Base Kpi'!$CZ:$CZ,'Base Kpi'!$CS:$CS,Cliente!$E11,'Base Kpi'!$CY:$CY,Cliente!BV$5),0) -> 5 | BW11: =IFERROR(AVERAGEIFS('Base Kpi'!$CZ:$CZ,'Base Kpi'!$CS:$CS,Cliente!$E11,'Base Kpi'!$CY:$CY,Cliente!BW$5),0) -> 12 | BX11: =IFERROR(AVERAGEIFS('Base Kpi'!$CZ:$CZ,'Base Kpi'!$CS:$CS,Cliente!$E11,'Base Kpi'!$CY:$CY,Cliente!BX$5),0) -> 30.4 | BY11: =IFERROR(AVERAGEIFS('Base Kpi'!$CZ:$CZ,'Base Kpi'!$CS:$CS,Cliente!$E11,'Base Kpi'!$CY:$CY,Cliente!BY$5),0) -> 9 | BZ11: =SUM(BU11:BY11) -> 81.4 | CA11: =IF(BZ11>=80,1,0) -> 1 | CB11: =IF((CL11+CU11+DD11)/3=0,"",(CL11+CU11+DD11)/3) -> 85.533333 | CC11: =IF(IF(CL11>0,1,0)+IF(CU11>0,1,0)+IF(DD11>0,1,0)=3,1,0) -> 1 | CD11: =IF(CC11=0,0,IF(CB11>=7,1,0)) -> 1 | CE11: {=IFERROR(LARGE(_xlfn._xlws.FILTER('Base Kpi'!$DL:$DL,('Base Kpi'!$DK:$DK=$CE$5)*('Base Kpi'!$DE:$DE=Cliente!$E11)),1),0)} -> 32 | CF11: {=IFERROR(LARGE(_xlfn._xlws.FILTER('Base Kpi'!$DL:$DL,('Base Kpi'!$DK:$DK=$CF$5)*('Base Kpi'!$DE:$DE=Cliente!$E11)),1),0)} -> 0 | CG11: {=IFERROR(LARGE(_xlfn._xlws.FILTER('Base Kpi'!$DL:$DL,('Base Kpi'!$DK:$DK=$CG$5)*('Base Kpi'!$DE:$DE=Cliente!$E11)),1),0)} -> 5 | CH11: {=IFERROR(LARGE(_xlfn._xlws.FILTER('Base Kpi'!$DL:$DL,('Base Kpi'!$DK:$DK=$CH$5)*('Base Kpi'!$DE:$DE=Cliente!$E11)),1),0)} -> 9 | CI11: {=IFERROR(LARGE(_xlfn._xlws.FILTER('Base Kpi'!$DL:$DL,('Base Kpi'!$DK:$DK=$CI$5)*('Base Kpi'!$DE:$DE=Cliente!$E11)),1),0)} -> 25 | CJ11: {=IFERROR(LARGE(_xlfn._xlws.FILTER('Base Kpi'!$DL:$DL,('Base Kpi'!$DK:$DK=$CJ$5)*('Base Kpi'!$DE:$DE=Cliente!$E11)),1),0)} -> 12 | CK11: {=IFERROR(LARGE(_xlfn._xlws.FILTER('Base Kpi'!$DL:$DL,('Base Kpi'!$DK:$DK=$CK$5)*('Base Kpi'!$DE:$DE=Cliente!$E11)),1),0)} -> 0 | CL11: =SUM(CE11:CK11) -> 83 | CM11: =IF(CL11>=80,1,0) -> 1 | CN11: =IFERROR(AVERAGEIFS('Base Kpi'!$DX:$DX,'Base Kpi'!$DQ:$DQ,Cliente!$E11,'Base Kpi'!$DW:$DW,Cliente!CN$5),0) -> 32.8 | CO11: =IFERROR(AVERAGEIFS('Base Kpi'!$DX:$DX,'Base Kpi'!$DQ:$DQ,Cliente!$E11,'Base Kpi'!$DW:$DW,Cliente!CO$5),0) -> 5 | CP11: =IFERROR(AVERAGEIFS('Base Kpi'!$DX:$DX,'Base Kpi'!$DQ:$DQ,Cliente!$E11,'Base Kpi'!$DW:$DW,Cliente!CP$5),0) -> 5 | CQ11: =IFERROR(AVERAGEIFS('Base Kpi'!$DX:$DX,'Base Kpi'!$DQ:$DQ,Cliente!$E11,'Base Kpi'!$DW:$DW,Cliente!CQ$5),0) -> 18 | CR11: =IFERROR(AVERAGEIFS('Base Kpi'!$DX:$DX,'Base Kpi'!$DQ:$DQ,Cliente!$E11,'Base Kpi'!$DW:$DW,Cliente!CR$5),0) -> 25 | CS11: =IFERROR(AVERAGEIFS('Base Kpi'!$DX:$DX,'Base Kpi'!$DQ:$DQ,Cliente!$E11,'Base Kpi'!$DW:$DW,Cliente!CS$5),0) -> 12 | CT11: =IFERROR(AVERAGEIFS('Base Kpi'!$DX:$DX,'Base Kpi'!$DQ:$DQ,Cliente!$E11,'Base Kpi'!$DW:$DW,Cliente!CT$5),0) -> 0 | CU11: =SUM(CN11:CT11) -> 97.8 | CV11: =IF(CU11>=7,1,0) -> 1 | CW11: =IFERROR(AVERAGEIFS('Base Kpi'!$EJ:$EJ,'Base Kpi'!$EC:$EC,Cliente!$E11,'Base Kpi'!$EI:$EI,Cliente!CW$5),0) -> 28.8 | CX11: =IFERROR(AVERAGEIFS('Base Kpi'!$EJ:$EJ,'Base Kpi'!$EC:$EC,Cliente!$E11,'Base Kpi'!$EI:$EI,Cliente!CX$5),0) -> 5 | CY11: =IFERROR(AVERAGEIFS('Base Kpi'!$EJ:$EJ,'Base Kpi'!$EC:$EC,Cliente!$E11,'Base Kpi'!$EI:$EI,Cliente!CY$5),0) -> 5 | CZ11: =IFERROR(AVERAGEIFS('Base Kpi'!$EJ:$EJ,'Base Kpi'!$EC:$EC,Cliente!$E11,'Base Kpi'!$EI:$EI,Cliente!CZ$5),0) -> 0 | DA11: =IFERROR(AVERAGEIFS('Base Kpi'!$EJ:$EJ,'Base Kpi'!$EC:$EC,Cliente!$E11,'Base Kpi'!$EI:$EI,Cliente!DA$5),0) -> 25 | DB11: =IFERROR(AVERAGEIFS('Base Kpi'!$EJ:$EJ,'Base Kpi'!$EC:$EC,Cliente!$E11,'Base Kpi'!$EI:$EI,Cliente!DB$5),0) -> 12 | DC11: =IFERROR(AVERAGEIFS('Base Kpi'!$EJ:$EJ,'Base Kpi'!$EC:$EC,Cliente!$E11,'Base Kpi'!$EI:$EI,Cliente!DC$5),0) -> 0 | DD11: =SUM(CW11:DC11) -> 75.8 | DE11: =IF(DD11>=7,1,0) -> 1
B12: FLP-SUL MC/KA D | C12: 3919 | D12: MC-TBCR D | E12: 73922 | F12: SUPERMERCADOS MANENTI LTDA LOJA 03 | G12: CRICIUMA | H12: RUA GENERAL OSVALDO PINTO DA VEIGA 1575 | I12: PROSPERA | J12: SM DE 10 A 19 CHECK-OUT | K12: REDE MANENTI | L12: =IF((S12+Y12+AE12)/3=0,"",(S12+Y12+AE12)/3) -> 69.805 | M12: =IF(IF(S12>0,1,0)+IF(Y12>0,1,0)+IF(AE12>0,1,0)=3,1,0) -> 1 | N12: =IF(M12=0,0,IF(L12>=80,1,0)) -> 0 | O12: =IFERROR(AVERAGEIFS('Base Kpi'!$I:$I,'Base Kpi'!$B:$B,Cliente!$E12,'Base Kpi'!$G:$G,Cliente!O$5),0) -> 30 | P12: =IFERROR(AVERAGEIFS('Base Kpi'!$I:$I,'Base Kpi'!$B:$B,Cliente!$E12,'Base Kpi'!$G:$G,Cliente!P$5),0) -> 0 | Q12: =IFERROR(AVERAGEIFS('Base Kpi'!$I:$I,'Base Kpi'!$B:$B,Cliente!$E12,'Base Kpi'!$G:$G,Cliente!Q$5),0) -> 10.2 | R12: =IFERROR(AVERAGEIFS('Base Kpi'!$I:$I,'Base Kpi'!$B:$B,Cliente!$E12,'Base Kpi'!$G:$G,Cliente!R$5),0) -> 16.875 | S12: =SUM(O12:R12) -> 57.075 | T12: =IF(S12>=80,1,0) -> 0 | U12: =IFERROR(AVERAGEIFS('Base Kpi'!$T:$T,'Base Kpi'!$M:$M,Cliente!$E12,'Base Kpi'!$S:$S,Cliente!U$5),0) -> 21.42 | V12: =IFERROR(AVERAGEIFS('Base Kpi'!$T:$T,'Base Kpi'!$M:$M,Cliente!$E12,'Base Kpi'!$S:$S,Cliente!V$5),0) -> 8 | W12: =IFERROR(AVERAGEIFS('Base Kpi'!$T:$T,'Base Kpi'!$M:$M,Cliente!$E12,'Base Kpi'!$S:$S,Cliente!W$5),0) -> 8.5 | X12: =IFERROR(AVERAGEIFS('Base Kpi'!$T:$T,'Base Kpi'!$M:$M,Cliente!$E12,'Base Kpi'!$S:$S,Cliente!X$5),0) -> 38.25 | Y12: =SUM(U12:X12) -> 76.17 | Z12: =IF(Y12>=80,1,0) -> 0 | AA12: =IFERROR(AVERAGEIFS('Base Kpi'!$AF:$AF,'Base Kpi'!$Y:$Y,Cliente!$E12,'Base Kpi'!$AE:$AE,Cliente!AA$5),0) -> 21.42 | AB12: =IFERROR(AVERAGEIFS('Base Kpi'!$AF:$AF,'Base Kpi'!$Y:$Y,Cliente!$E12,'Base Kpi'!$AE:$AE,Cliente!AB$5),0) -> 8 | AC12: =IFERROR(AVERAGEIFS('Base Kpi'!$AF:$AF,'Base Kpi'!$Y:$Y,Cliente!$E12,'Base Kpi'!$AE:$AE,Cliente!AC$5),0) -> 8.5 | AD12: =IFERROR(AVERAGEIFS('Base Kpi'!$AF:$AF,'Base Kpi'!$Y:$Y,Cliente!$E12,'Base Kpi'!$AE:$AE,Cliente!AD$5),0) -> 38.25 | AE12: =SUM(AA12:AD12) -> 76.17 | AF12: =IF(AE12>=80,1,0) -> 0 | AG12: =IF((AN12+AU12+BB12)/3=0,"",(AN12+AU12+BB12)/3) -> 69.375 | AH12: =IF(IF(AN12>0,1,0)+IF(AU12>0,1,0)+IF(BB12>0,1,0)=3,1,0) -> 1 | AI12: =IF(AH12=0,0,IF(AG12>=7,1,0)) -> 1 | AJ12: =IFERROR(AVERAGEIFS('Base Kpi'!$AR:$AR,'Base Kpi'!$AK:$AK,Cliente!$E12,'Base Kpi'!$AQ:$AQ,AJ$5),0) -> 25 | AK12: =IFERROR(AVERAGEIFS('Base Kpi'!$AR:$AR,'Base Kpi'!$AK:$AK,Cliente!$E12,'Base Kpi'!$AQ:$AQ,AK$5),0) -> 2.5 | AL12: =IFERROR(AVERAGEIFS('Base Kpi'!$AR:$AR,'Base Kpi'!$AK:$AK,Cliente!$E12,'Base Kpi'!$AQ:$AQ,AL$5),0) -> 9 | AM12: =IFERROR(AVERAGEIFS('Base Kpi'!$AR:$AR,'Base Kpi'!$AK:$AK,Cliente!$E12,'Base Kpi'!$AQ:$AQ,AM$5),0) -> 31.32 | AN12: =SUM(AJ12:AM12) -> 67.82 | AO12: =IF(AN12>=80,1,0) -> 0 | AP12: =IFERROR(AVERAGEIFS('Base Kpi'!$BD:$BD,'Base Kpi'!$AW:$AW,Cliente!$E12,'Base Kpi'!$BC:$BC,Cliente!AP$5),0) -> 25 | AQ12: =IFERROR(AVERAGEIFS('Base Kpi'!$BD:$BD,'Base Kpi'!$AW:$AW,Cliente!$E12,'Base Kpi'!$BC:$BC,Cliente!AQ$5),0) -> 1.665 | AR12: =IFERROR(AVERAGEIFS('Base Kpi'!$BD:$BD,'Base Kpi'!$AW:$AW,Cliente!$E12,'Base Kpi'!$BC:$BC,Cliente!AR$5),0) -> 9 | AS12: =IFERROR(AVERAGEIFS('Base Kpi'!$BD:$BD,'Base Kpi'!$AW:$AW,Cliente!$E12,'Base Kpi'!$BC:$BC,Cliente!AS$5),0) -> 31.32 | AT12: =IFERROR(AVERAGEIFS('Base Kpi'!$BD:$BD,'Base Kpi'!$AW:$AW,Cliente!$E12,'Base Kpi'!$BC:$BC,Cliente!AT$5),0) -> 0 | AU12: =SUM(AP12:AT12) -> 66.985 | AV12: =IF(AU12>=80,1,0) -> 0 | AW12: =IFERROR(AVERAGEIFS('Base Kpi'!$BP:$BP,'Base Kpi'!$BI:$BI,Cliente!$E12,'Base Kpi'!$BO:$BO,Cliente!AW$5),0) -> 25 | AX12: =IFERROR(AVERAGEIFS('Base Kpi'!$BP:$BP,'Base Kpi'!$BI:$BI,Cliente!$E12,'Base Kpi'!$BO:$BO,Cliente!AX$5),0) -> 5 | AY12: =IFERROR(AVERAGEIFS('Base Kpi'!$BP:$BP,'Base Kpi'!$BI:$BI,Cliente!$E12,'Base Kpi'!$BO:$BO,Cliente!AY$5),0) -> 12 | AZ12: =IFERROR(AVERAGEIFS('Base Kpi'!$BP:$BP,'Base Kpi'!$BI:$BI,Cliente!$E12,'Base Kpi'!$BO:$BO,Cliente!AZ$5),0) -> 31.32 | BA12: =IFERROR(AVERAGEIFS('Base Kpi'!$BP:$BP,'Base Kpi'!$BI:$BI,Cliente!$E12,'Base Kpi'!$BO:$BO,Cliente!BA$5),0) -> 0 | BB12: =SUM(AW12:BA12) -> 73.32 | BC12: =IF(BB12>=80,1,0) -> 0 | BD12: =IF((BL12+BS12+BZ12)/3=0,"",(BL12+BS12+BZ12)/3) -> 89.533333 | BE12: =IF(IF(BK12>0,1,0)+IF(BR12>0,1,0)+IF(BX12>0,1,0)=3,1,0) -> 1 | BF12: =IF(BE12=0,0,IF(BD12>=80,1,0)) -> 1 | BG12: =IFERROR(AVERAGEIFS('Base Kpi'!$CB:$CB,'Base Kpi'!$BU:$BU,Cliente!$E12,'Base Kpi'!$CA:$CA,Cliente!BG$5),0) -> 25 | BH12: =IFERROR(AVERAGEIFS('Base Kpi'!$CB:$CB,'Base Kpi'!$BU:$BU,Cliente!$E12,'Base Kpi'!$CA:$CA,Cliente!BH$5),0) -> 5 | BI12: =IFERROR(AVERAGEIFS('Base Kpi'!$CB:$CB,'Base Kpi'!$BU:$BU,Cliente!$E12,'Base Kpi'!$CA:$CA,Cliente!BI$5),0) -> 12 | BJ12: =IFERROR(AVERAGEIFS('Base Kpi'!$CB:$CB,'Base Kpi'!$BU:$BU,Cliente!$E12,'Base Kpi'!$CA:$CA,Cliente!BJ$5),0) -> 32 | BK12: =IFERROR(AVERAGEIFS('Base Kpi'!$CB:$CB,'Base Kpi'!$BU:$BU,Cliente!$E12,'Base Kpi'!$CA:$CA,Cliente!BK$5),0) -> 9 | BL12: =SUM(BG12:BK12) -> 83 | BM12: =IF(BL12>=80,1,0) -> 1 | BN12: =IFERROR(AVERAGEIFS('Base Kpi'!$CN:$CN,'Base Kpi'!$CG:$CG,Cliente!$E12,'Base Kpi'!$CM:$CM,Cliente!BN$5),0) -> 25 | BO12: =IFERROR(AVERAGEIFS('Base Kpi'!$CN:$CN,'Base Kpi'!$CG:$CG,Cliente!$E12,'Base Kpi'!$CM:$CM,Cliente!BO$5),0) -> 5 | BP12: =IFERROR(AVERAGEIFS('Base Kpi'!$CN:$CN,'Base Kpi'!$CG:$CG,Cliente!$E12,'Base Kpi'!$CM:$CM,Cliente!BP$5),0) -> 12 | BQ12: =IFERROR(AVERAGEIFS('Base Kpi'!$CN:$CN,'Base Kpi'!$CG:$CG,Cliente!$E12,'Base Kpi'!$CM:$CM,Cliente!BQ$5),0) -> 32 | BR12: =IFERROR(AVERAGEIFS('Base Kpi'!$CN:$CN,'Base Kpi'!$CG:$CG,Cliente!$E12,'Base Kpi'!$CM:$CM,Cliente!BR$5),0) -> 18 | BS12: =SUM(BN12:BR12) -> 92 | BT12: =IF(BS12>=80,1,0) -> 1 | BU12: =IFERROR(AVERAGEIFS('Base Kpi'!$CZ:$CZ,'Base Kpi'!$CS:$CS,Cliente!$E12,'Base Kpi'!$CY:$CY,Cliente!BU$5),0) -> 25 | BV12: =IFERROR(AVERAGEIFS('Base Kpi'!$CZ:$CZ,'Base Kpi'!$CS:$CS,Cliente!$E12,'Base Kpi'!$CY:$CY,Cliente!BV$5),0) -> 5 | BW12: =IFERROR(AVERAGEIFS('Base Kpi'!$CZ:$CZ,'Base Kpi'!$CS:$CS,Cliente!$E12,'Base Kpi'!$CY:$CY,Cliente!BW$5),0) -> 12 | BX12: =IFERROR(AVERAGEIFS('Base Kpi'!$CZ:$CZ,'Base Kpi'!$CS:$CS,Cliente!$E12,'Base Kpi'!$CY:$CY,Cliente!BX$5),0) -> 33.6 | BY12: =IFERROR(AVERAGEIFS('Base Kpi'!$CZ:$CZ,'Base Kpi'!$CS:$CS,Cliente!$E12,'Base Kpi'!$CY:$CY,Cliente!BY$5),0) -> 18 | BZ12: =SUM(BU12:BY12) -> 93.6 | CA12: =IF(BZ12>=80,1,0) -> 1 | CB12: =IF((CL12+CU12+DD12)/3=0,"",(CL12+CU12+DD12)/3) -> 64.275 | CC12: =IF(IF(CL12>0,1,0)+IF(CU12>0,1,0)+IF(DD12>0,1,0)=3,1,0) -> 0 | CD12: =IF(CC12=0,0,IF(CB12>=7,1,0)) -> 0 | CE12: {=IFERROR(LARGE(_xlfn._xlws.FILTER('Base Kpi'!$DL:$DL,('Base Kpi'!$DK:$DK=$CE$5)*('Base Kpi'!$DE:$DE=Cliente!$E12)),1),0)} -> 35.2 | CF12: {=IFERROR(LARGE(_xlfn._xlws.FILTER('Base Kpi'!$DL:$DL,('Base Kpi'!$DK:$DK=$CF$5)*('Base Kpi'!$DE:$DE=Cliente!$E12)),1),0)} -> 5 | CG12: {=IFERROR(LARGE(_xlfn._xlws.FILTER('Base Kpi'!$DL:$DL,('Base Kpi'!$DK:$DK=$CG$5)*('Base Kpi'!$DE:$DE=Cliente!$E12)),1),0)} -> 5 | CH12: {=IFERROR(LARGE(_xlfn._xlws.FILTER('Base Kpi'!$DL:$DL,('Base Kpi'!$DK:$DK=$CH$5)*('Base Kpi'!$DE:$DE=Cliente!$E12)),1),0)} -> 18 | CI12: {=IFERROR(LARGE(_xlfn._xlws.FILTER('Base Kpi'!$DL:$DL,('Base Kpi'!$DK:$DK=$CI$5)*('Base Kpi'!$DE:$DE=Cliente!$E12)),1),0)} -> 21.425 | CJ12: {=IFERROR(LARGE(_xlfn._xlws.FILTER('Base Kpi'!$DL:$DL,('Base Kpi'!$DK:$DK=$CJ$5)*('Base Kpi'!$DE:$DE=Cliente!$E12)),1),0)} -> 12 | CK12: {=IFERROR(LARGE(_xlfn._xlws.FILTER('Base Kpi'!$DL:$DL,('Base Kpi'!$DK:$DK=$CK$5)*('Base Kpi'!$DE:$DE=Cliente!$E12)),1),0)} -> 0 | CL12: =SUM(CE12:CK12) -> 96.625 | CM12: =IF(CL12>=80,1,0) -> 1 | CN12: =IFERROR(AVERAGEIFS('Base Kpi'!$DX:$DX,'Base Kpi'!$DQ:$DQ,Cliente!$E12,'Base Kpi'!$DW:$DW,Cliente!CN$5),0) -> 31.2 | CO12: =IFERROR(AVERAGEIFS('Base Kpi'!$DX:$DX,'Base Kpi'!$DQ:$DQ,Cliente!$E12,'Base Kpi'!$DW:$DW,Cliente!CO$5),0) -> 5 | CP12: =IFERROR(AVERAGEIFS('Base Kpi'!$DX:$DX,'Base Kpi'!$DQ:$DQ,Cliente!$E12,'Base Kpi'!$DW:$DW,Cliente!CP$5),0) -> 5 | CQ12: =IFERROR(AVERAGEIFS('Base Kpi'!$DX:$DX,'Base Kpi'!$DQ:$DQ,Cliente!$E12,'Base Kpi'!$DW:$DW,Cliente!CQ$5),0) -> 18 | CR12: =IFERROR(AVERAGEIFS('Base Kpi'!$DX:$DX,'Base Kpi'!$DQ:$DQ,Cliente!$E12,'Base Kpi'!$DW:$DW,Cliente!CR$5),0) -> 25 | CS12: =IFERROR(AVERAGEIFS('Base Kpi'!$DX:$DX,'Base Kpi'!$DQ:$DQ,Cliente!$E12,'Base Kpi'!$DW:$DW,Cliente!CS$5),0) -> 12 | CT12: =IFERROR(AVERAGEIFS('Base Kpi'!$DX:$DX,'Base Kpi'!$DQ:$DQ,Cliente!$E12,'Base Kpi'!$DW:$DW,Cliente!CT$5),0) -> 0 | CU12: =SUM(CN12:CT12) -> 96.2 | CV12: =IF(CU12>=7,1,0) -> 1 | CW12: =IFERROR(AVERAGEIFS('Base Kpi'!$EJ:$EJ,'Base Kpi'!$EC:$EC,Cliente!$E12,'Base Kpi'!$EI:$EI,Cliente!CW$5),0) -> 0 | CX12: =IFERROR(AVERAGEIFS('Base Kpi'!$EJ:$EJ,'Base Kpi'!$EC:$EC,Cliente!$E12,'Base Kpi'!$EI:$EI,Cliente!CX$5),0) -> 0 | CY12: =IFERROR(AVERAGEIFS('Base Kpi'!$EJ:$EJ,'Base Kpi'!$EC:$EC,Cliente!$E12,'Base Kpi'!$EI:$EI,Cliente!CY$5),0) -> 0 | CZ12: =IFERROR(AVERAGEIFS('Base Kpi'!$EJ:$EJ,'Base Kpi'!$EC:$EC,Cliente!$E12,'Base Kpi'!$EI:$EI,Cliente!CZ$5),0) -> 0 | DA12: =IFERROR(AVERAGEIFS('Base Kpi'!$EJ:$EJ,'Base Kpi'!$EC:$EC,Cliente!$E12,'Base Kpi'!$EI:$EI,Cliente!DA$5),0) -> 0 | DB12: =IFERROR(AVERAGEIFS('Base Kpi'!$EJ:$EJ,'Base Kpi'!$EC:$EC,Cliente!$E12,'Base Kpi'!$EI:$EI,Cliente!DB$5),0) -> 0 | DC12: =IFERROR(AVERAGEIFS('Base Kpi'!$EJ:$EJ,'Base Kpi'!$EC:$EC,Cliente!$E12,'Base Kpi'!$EI:$EI,Cliente!DC$5),0) -> 0 | DD12: =SUM(CW12:DC12) -> 0 | DE12: =IF(DD12>=7,1,0) -> 0
B13: FLP-SUL MC/KA D | C13: 3919 | D13: MC-TBCR D | E13: 102953 | F13: SUPERMERCADOS MANENTI LTDA LOJA 04 | G13: CRICIUMA | H13: AV UNIVERSITARIA 1186 | I13: SANTA LUZIA | J13: SM DE 10 A 19 CHECK-OUT | K13: REDE MANENTI | L13: =IF((S13+Y13+AE13)/3=0,"",(S13+Y13+AE13)/3) -> 65.594167 | M13: =IF(IF(S13>0,1,0)+IF(Y13>0,1,0)+IF(AE13>0,1,0)=3,1,0) -> 1 | N13: =IF(M13=0,0,IF(L13>=80,1,0)) -> 0 | O13: =IFERROR(AVERAGEIFS('Base Kpi'!$I:$I,'Base Kpi'!$B:$B,Cliente!$E13,'Base Kpi'!$G:$G,Cliente!O$5),0) -> 25.71 | P13: =IFERROR(AVERAGEIFS('Base Kpi'!$I:$I,'Base Kpi'!$B:$B,Cliente!$E13,'Base Kpi'!$G:$G,Cliente!P$5),0) -> 0 | Q13: =IFERROR(AVERAGEIFS('Base Kpi'!$I:$I,'Base Kpi'!$B:$B,Cliente!$E13,'Base Kpi'!$G:$G,Cliente!Q$5),0) -> 6.8 | R13: =IFERROR(AVERAGEIFS('Base Kpi'!$I:$I,'Base Kpi'!$B:$B,Cliente!$E13,'Base Kpi'!$G:$G,Cliente!R$5),0) -> 11.8125 | S13: =SUM(O13:R13) -> 44.3225 | T13: =IF(S13>=80,1,0) -> 0 | U13: =IFERROR(AVERAGEIFS('Base Kpi'!$T:$T,'Base Kpi'!$M:$M,Cliente!$E13,'Base Kpi'!$S:$S,Cliente!U$5),0) -> 25.71 | V13: =IFERROR(AVERAGEIFS('Base Kpi'!$T:$T,'Base Kpi'!$M:$M,Cliente!$E13,'Base Kpi'!$S:$S,Cliente!V$5),0) -> 0 | W13: =IFERROR(AVERAGEIFS('Base Kpi'!$T:$T,'Base Kpi'!$M:$M,Cliente!$E13,'Base Kpi'!$S:$S,Cliente!W$5),0) -> 8.5 | X13: =IFERROR(AVERAGEIFS('Base Kpi'!$T:$T,'Base Kpi'!$M:$M,Cliente!$E13,'Base Kpi'!$S:$S,Cliente!X$5),0) -> 37.125 | Y13: =SUM(U13:X13) -> 71.335 | Z13: =IF(Y13>=80,1,0) -> 0 | AA13: =IFERROR(AVERAGEIFS('Base Kpi'!$AF:$AF,'Base Kpi'!$Y:$Y,Cliente!$E13,'Base Kpi'!$AE:$AE,Cliente!AA$5),0) -> 30 | AB13: =IFERROR(AVERAGEIFS('Base Kpi'!$AF:$AF,'Base Kpi'!$Y:$Y,Cliente!$E13,'Base Kpi'!$AE:$AE,Cliente!AB$5),0) -> 8 | AC13: =IFERROR(AVERAGEIFS('Base Kpi'!$AF:$AF,'Base Kpi'!$Y:$Y,Cliente!$E13,'Base Kpi'!$AE:$AE,Cliente!AC$5),0) -> 12.75 | AD13: =IFERROR(AVERAGEIFS('Base Kpi'!$AF:$AF,'Base Kpi'!$Y:$Y,Cliente!$E13,'Base Kpi'!$AE:$AE,Cliente!AD$5),0) -> 30.375 | AE13: =SUM(AA13:AD13) -> 81.125 | AF13: =IF(AE13>=80,1,0) -> 1 | AG13: =IF((AN13+AU13+BB13)/3=0,"",(AN13+AU13+BB13)/3) -> 67.81 | AH13: =IF(IF(AN13>0,1,0)+IF(AU13>0,1,0)+IF(BB13>0,1,0)=3,1,0) -> 1 | AI13: =IF(AH13=0,0,IF(AG13>=7,1,0)) -> 1 | AJ13: =IFERROR(AVERAGEIFS('Base Kpi'!$AR:$AR,'Base Kpi'!$AK:$AK,Cliente!$E13,'Base Kpi'!$AQ:$AQ,AJ$5),0) -> 25 | AK13: =IFERROR(AVERAGEIFS('Base Kpi'!$AR:$AR,'Base Kpi'!$AK:$AK,Cliente!$E13,'Base Kpi'!$AQ:$AQ,AK$5),0) -> 2.5 | AL13: =IFERROR(AVERAGEIFS('Base Kpi'!$AR:$AR,'Base Kpi'!$AK:$AK,Cliente!$E13,'Base Kpi'!$AQ:$AQ,AL$5),0) -> 12 | AM13: =IFERROR(AVERAGEIFS('Base Kpi'!$AR:$AR,'Base Kpi'!$AK:$AK,Cliente!$E13,'Base Kpi'!$AQ:$AQ,AM$5),0) -> 31.32 | AN13: =SUM(AJ13:AM13) -> 70.82 | AO13: =IF(AN13>=80,1,0) -> 0 | AP13: =IFERROR(AVERAGEIFS('Base Kpi'!$BD:$BD,'Base Kpi'!$AW:$AW,Cliente!$E13,'Base Kpi'!$BC:$BC,Cliente!AP$5),0) -> 25 | AQ13: =IFERROR(AVERAGEIFS('Base Kpi'!$BD:$BD,'Base Kpi'!$AW:$AW,Cliente!$E13,'Base Kpi'!$BC:$BC,Cliente!AQ$5),0) -> 1.665 | AR13: =IFERROR(AVERAGEIFS('Base Kpi'!$BD:$BD,'Base Kpi'!$AW:$AW,Cliente!$E13,'Base Kpi'!$BC:$BC,Cliente!AR$5),0) -> 9 | AS13: =IFERROR(AVERAGEIFS('Base Kpi'!$BD:$BD,'Base Kpi'!$AW:$AW,Cliente!$E13,'Base Kpi'!$BC:$BC,Cliente!AS$5),0) -> 30.44 | AT13: =IFERROR(AVERAGEIFS('Base Kpi'!$BD:$BD,'Base Kpi'!$AW:$AW,Cliente!$E13,'Base Kpi'!$BC:$BC,Cliente!AT$5),0) -> 0 | AU13: =SUM(AP13:AT13) -> 66.105 | AV13: =IF(AU13>=80,1,0) -> 0 | AW13: =IFERROR(AVERAGEIFS('Base Kpi'!$BP:$BP,'Base Kpi'!$BI:$BI,Cliente!$E13,'Base Kpi'!$BO:$BO,Cliente!AW$5),0) -> 25 | AX13: =IFERROR(AVERAGEIFS('Base Kpi'!$BP:$BP,'Base Kpi'!$BI:$BI,Cliente!$E13,'Base Kpi'!$BO:$BO,Cliente!AX$5),0) -> 1.665 | AY13: =IFERROR(AVERAGEIFS('Base Kpi'!$BP:$BP,'Base Kpi'!$BI:$BI,Cliente!$E13,'Base Kpi'!$BO:$BO,Cliente!AY$5),0) -> 12 | AZ13: =IFERROR(AVERAGEIFS('Base Kpi'!$BP:$BP,'Base Kpi'!$BI:$BI,Cliente!$E13,'Base Kpi'!$BO:$BO,Cliente!AZ$5),0) -> 27.84 | BA13: =IFERROR(AVERAGEIFS('Base Kpi'!$BP:$BP,'Base Kpi'!$BI:$BI,Cliente!$E13,'Base Kpi'!$BO:$BO,Cliente!BA$5),0) -> 0 | BB13: =SUM(AW13:BA13) -> 66.505 | BC13: =IF(BB13>=80,1,0) -> 0 | BD13: =IF((BL13+BS13+BZ13)/3=0,"",(BL13+BS13+BZ13)/3) -> 87.2 | BE13: =IF(IF(BK13>0,1,0)+IF(BR13>0,1,0)+IF(BX13>0,1,0)=3,1,0) -> 1 | BF13: =IF(BE13=0,0,IF(BD13>=80,1,0)) -> 1 | BG13: =IFERROR(AVERAGEIFS('Base Kpi'!$CB:$CB,'Base Kpi'!$BU:$BU,Cliente!$E13,'Base Kpi'!$CA:$CA,Cliente!BG$5),0) -> 25 | BH13: =IFERROR(AVERAGEIFS('Base Kpi'!$CB:$CB,'Base Kpi'!$BU:$BU,Cliente!$E13,'Base Kpi'!$CA:$CA,Cliente!BH$5),0) -> 5 | BI13: =IFERROR(AVERAGEIFS('Base Kpi'!$CB:$CB,'Base Kpi'!$BU:$BU,Cliente!$E13,'Base Kpi'!$CA:$CA,Cliente!BI$5),0) -> 12 | BJ13: =IFERROR(AVERAGEIFS('Base Kpi'!$CB:$CB,'Base Kpi'!$BU:$BU,Cliente!$E13,'Base Kpi'!$CA:$CA,Cliente!BJ$5),0) -> 32 | BK13: =IFERROR(AVERAGEIFS('Base Kpi'!$CB:$CB,'Base Kpi'!$BU:$BU,Cliente!$E13,'Base Kpi'!$CA:$CA,Cliente!BK$5),0) -> 9 | BL13: =SUM(BG13:BK13) -> 83 | BM13: =IF(BL13>=80,1,0) -> 1 | BN13: =IFERROR(AVERAGEIFS('Base Kpi'!$CN:$CN,'Base Kpi'!$CG:$CG,Cliente!$E13,'Base Kpi'!$CM:$CM,Cliente!BN$5),0) -> 25 | BO13: =IFERROR(AVERAGEIFS('Base Kpi'!$CN:$CN,'Base Kpi'!$CG:$CG,Cliente!$E13,'Base Kpi'!$CM:$CM,Cliente!BO$5),0) -> 5 | BP13: =IFERROR(AVERAGEIFS('Base Kpi'!$CN:$CN,'Base Kpi'!$CG:$CG,Cliente!$E13,'Base Kpi'!$CM:$CM,Cliente!BP$5),0) -> 9 | BQ13: =IFERROR(AVERAGEIFS('Base Kpi'!$CN:$CN,'Base Kpi'!$CG:$CG,Cliente!$E13,'Base Kpi'!$CM:$CM,Cliente!BQ$5),0) -> 32 | BR13: =IFERROR(AVERAGEIFS('Base Kpi'!$CN:$CN,'Base Kpi'!$CG:$CG,Cliente!$E13,'Base Kpi'!$CM:$CM,Cliente!BR$5),0) -> 18 | BS13: =SUM(BN13:BR13) -> 89 | BT13: =IF(BS13>=80,1,0) -> 1 | BU13: =IFERROR(AVERAGEIFS('Base Kpi'!$CZ:$CZ,'Base Kpi'!$CS:$CS,Cliente!$E13,'Base Kpi'!$CY:$CY,Cliente!BU$5),0) -> 25 | BV13: =IFERROR(AVERAGEIFS('Base Kpi'!$CZ:$CZ,'Base Kpi'!$CS:$CS,Cliente!$E13,'Base Kpi'!$CY:$CY,Cliente!BV$5),0) -> 5 | BW13: =IFERROR(AVERAGEIFS('Base Kpi'!$CZ:$CZ,'Base Kpi'!$CS:$CS,Cliente!$E13,'Base Kpi'!$CY:$CY,Cliente!BW$5),0) -> 12 | BX13: =IFERROR(AVERAGEIFS('Base Kpi'!$CZ:$CZ,'Base Kpi'!$CS:$CS,Cliente!$E13,'Base Kpi'!$CY:$CY,Cliente!BX$5),0) -> 29.6 | BY13: =IFERROR(AVERAGEIFS('Base Kpi'!$CZ:$CZ,'Base Kpi'!$CS:$CS,Cliente!$E13,'Base Kpi'!$CY:$CY,Cliente!BY$5),0) -> 18 | BZ13: =SUM(BU13:BY13) -> 89.6 | CA13: =IF(BZ13>=80,1,0) -> 1 | CB13: =IF((CL13+CU13+DD13)/3=0,"",(CL13+CU13+DD13)/3) -> 95.666667 | CC13: =IF(IF(CL13>0,1,0)+IF(CU13>0,1,0)+IF(DD13>0,1,0)=3,1,0) -> 1 | CD13: =IF(CC13=0,0,IF(CB13>=7,1,0)) -> 1 | CE13: {=IFERROR(LARGE(_xlfn._xlws.FILTER('Base Kpi'!$DL:$DL,('Base Kpi'!$DK:$DK=$CE$5)*('Base Kpi'!$DE:$DE=Cliente!$E13)),1),0)} -> 32.8 | CF13: {=IFERROR(LARGE(_xlfn._xlws.FILTER('Base Kpi'!$DL:$DL,('Base Kpi'!$DK:$DK=$CF$5)*('Base Kpi'!$DE:$DE=Cliente!$E13)),1),0)} -> 5 | CG13: {=IFERROR(LARGE(_xlfn._xlws.FILTER('Base Kpi'!$DL:$DL,('Base Kpi'!$DK:$DK=$CG$5)*('Base Kpi'!$DE:$DE=Cliente!$E13)),1),0)} -> 5 | CH13: {=IFERROR(LARGE(_xlfn._xlws.FILTER('Base Kpi'!$DL:$DL,('Base Kpi'!$DK:$DK=$CH$5)*('Base Kpi'!$DE:$DE=Cliente!$E13)),1),0)} -> 18 | CI13: {=IFERROR(LARGE(_xlfn._xlws.FILTER('Base Kpi'!$DL:$DL,('Base Kpi'!$DK:$DK=$CI$5)*('Base Kpi'!$DE:$DE=Cliente!$E13)),1),0)} -> 25 | CJ13: {=IFERROR(LARGE(_xlfn._xlws.FILTER('Base Kpi'!$DL:$DL,('Base Kpi'!$DK:$DK=$CJ$5)*('Base Kpi'!$DE:$DE=Cliente!$E13)),1),0)} -> 12 | CK13: {=IFERROR(LARGE(_xlfn._xlws.FILTER('Base Kpi'!$DL:$DL,('Base Kpi'!$DK:$DK=$CK$5)*('Base Kpi'!$DE:$DE=Cliente!$E13)),1),0)} -> 0 | CL13: =SUM(CE13:CK13) -> 97.8 | CM13: =IF(CL13>=80,1,0) -> 1 | CN13: =IFERROR(AVERAGEIFS('Base Kpi'!$DX:$DX,'Base Kpi'!$DQ:$DQ,Cliente!$E13,'Base Kpi'!$DW:$DW,Cliente!CN$5),0) -> 30.4 | CO13: =IFERROR(AVERAGEIFS('Base Kpi'!$DX:$DX,'Base Kpi'!$DQ:$DQ,Cliente!$E13,'Base Kpi'!$DW:$DW,Cliente!CO$5),0) -> 5 | CP13: =IFERROR(AVERAGEIFS('Base Kpi'!$DX:$DX,'Base Kpi'!$DQ:$DQ,Cliente!$E13,'Base Kpi'!$DW:$DW,Cliente!CP$5),0) -> 5 | CQ13: =IFERROR(AVERAGEIFS('Base Kpi'!$DX:$DX,'Base Kpi'!$DQ:$DQ,Cliente!$E13,'Base Kpi'!$DW:$DW,Cliente!CQ$5),0) -> 18 | CR13: =IFERROR(AVERAGEIFS('Base Kpi'!$DX:$DX,'Base Kpi'!$DQ:$DQ,Cliente!$E13,'Base Kpi'!$DW:$DW,Cliente!CR$5),0) -> 25 | CS13: =IFERROR(AVERAGEIFS('Base Kpi'!$DX:$DX,'Base Kpi'!$DQ:$DQ,Cliente!$E13,'Base Kpi'!$DW:$DW,Cliente!CS$5),0) -> 12 | CT13: =IFERROR(AVERAGEIFS('Base Kpi'!$DX:$DX,'Base Kpi'!$DQ:$DQ,Cliente!$E13,'Base Kpi'!$DW:$DW,Cliente!CT$5),0) -> 0 | CU13: =SUM(CN13:CT13) -> 95.4 | CV13: =IF(CU13>=7,1,0) -> 1 | CW13: =IFERROR(AVERAGEIFS('Base Kpi'!$EJ:$EJ,'Base Kpi'!$EC:$EC,Cliente!$E13,'Base Kpi'!$EI:$EI,Cliente!CW$5),0) -> 28.8 | CX13: =IFERROR(AVERAGEIFS('Base Kpi'!$EJ:$EJ,'Base Kpi'!$EC:$EC,Cliente!$E13,'Base Kpi'!$EI:$EI,Cliente!CX$5),0) -> 5 | CY13: =IFERROR(AVERAGEIFS('Base Kpi'!$EJ:$EJ,'Base Kpi'!$EC:$EC,Cliente!$E13,'Base Kpi'!$EI:$EI,Cliente!CY$5),0) -> 5 | CZ13: =IFERROR(AVERAGEIFS('Base Kpi'!$EJ:$EJ,'Base Kpi'!$EC:$EC,Cliente!$E13,'Base Kpi'!$EI:$EI,Cliente!CZ$5),0) -> 18 | DA13: =IFERROR(AVERAGEIFS('Base Kpi'!$EJ:$EJ,'Base Kpi'!$EC:$EC,Cliente!$E13,'Base Kpi'!$EI:$EI,Cliente!DA$5),0) -> 25 | DB13: =IFERROR(AVERAGEIFS('Base Kpi'!$EJ:$EJ,'Base Kpi'!$EC:$EC,Cliente!$E13,'Base Kpi'!$EI:$EI,Cliente!DB$5),0) -> 12 | DC13: =IFERROR(AVERAGEIFS('Base Kpi'!$EJ:$EJ,'Base Kpi'!$EC:$EC,Cliente!$E13,'Base Kpi'!$EI:$EI,Cliente!DC$5),0) -> 0 | DD13: =SUM(CW13:DC13) -> 93.8 | DE13: =IF(DD13>=7,1,0) -> 1
B14: FLP-SUL MC/KA D | C14: 3919 | D14: MC-TBCR D | E14: 119456 | F14: SUPERMERCADOS MANENTI LTDA LOJA 05 | G14: FORQUILHINHA | H14: ROD GABRIEL ARNS 4840 | I14: SATURNO | J14: SM DE 10 A 19 CHECK-OUT | K14: REDE MANENTI | L14: =IF((S14+Y14+AE14)/3=0,"",(S14+Y14+AE14)/3) -> 53.228333 | M14: =IF(IF(S14>0,1,0)+IF(Y14>0,1,0)+IF(AE14>0,1,0)=3,1,0) -> 1 | N14: =IF(M14=0,0,IF(L14>=80,1,0)) -> 0 | O14: =IFERROR(AVERAGEIFS('Base Kpi'!$I:$I,'Base Kpi'!$B:$B,Cliente!$E14,'Base Kpi'!$G:$G,Cliente!O$5),0) -> 21.42 | P14: =IFERROR(AVERAGEIFS('Base Kpi'!$I:$I,'Base Kpi'!$B:$B,Cliente!$E14,'Base Kpi'!$G:$G,Cliente!P$5),0) -> 0 | Q14: =IFERROR(AVERAGEIFS('Base Kpi'!$I:$I,'Base Kpi'!$B:$B,Cliente!$E14,'Base Kpi'!$G:$G,Cliente!Q$5),0) -> 6.8 | R14: =IFERROR(AVERAGEIFS('Base Kpi'!$I:$I,'Base Kpi'!$B:$B,Cliente!$E14,'Base Kpi'!$G:$G,Cliente!R$5),0) -> 0 | S14: =SUM(O14:R14) -> 28.22 | T14: =IF(S14>=80,1,0) -> 0 | U14: =IFERROR(AVERAGEIFS('Base Kpi'!$T:$T,'Base Kpi'!$M:$M,Cliente!$E14,'Base Kpi'!$S:$S,Cliente!U$5),0) -> 17.13 | V14: =IFERROR(AVERAGEIFS('Base Kpi'!$T:$T,'Base Kpi'!$M:$M,Cliente!$E14,'Base Kpi'!$S:$S,Cliente!V$5),0) -> 0 | W14: =IFERROR(AVERAGEIFS('Base Kpi'!$T:$T,'Base Kpi'!$M:$M,Cliente!$E14,'Base Kpi'!$S:$S,Cliente!W$5),0) -> 8.5 | X14: =IFERROR(AVERAGEIFS('Base Kpi'!$T:$T,'Base Kpi'!$M:$M,Cliente!$E14,'Base Kpi'!$S:$S,Cliente!X$5),0) -> 18 | Y14: =SUM(U14:X14) -> 43.63 | Z14: =IF(Y14>=80,1,0) -> 0 | AA14: =IFERROR(AVERAGEIFS('Base Kpi'!$AF:$AF,'Base Kpi'!$Y:$Y,Cliente!$E14,'Base Kpi'!$AE:$AE,Cliente!AA$5),0) -> 25.71 | AB14: =IFERROR(AVERAGEIFS('Base Kpi'!$AF:$AF,'Base Kpi'!$Y:$Y,Cliente!$E14,'Base Kpi'!$AE:$AE,Cliente!AB$5),0) -> 8 | AC14: =IFERROR(AVERAGEIFS('Base Kpi'!$AF:$AF,'Base Kpi'!$Y:$Y,Cliente!$E14,'Base Kpi'!$AE:$AE,Cliente!AC$5),0) -> 17 | AD14: =IFERROR(AVERAGEIFS('Base Kpi'!$AF:$AF,'Base Kpi'!$Y:$Y,Cliente!$E14,'Base Kpi'!$AE:$AE,Cliente!AD$5),0) -> 37.125 | AE14: =SUM(AA14:AD14) -> 87.835 | AF14: =IF(AE14>=80,1,0) -> 1 | AG14: =IF((AN14+AU14+BB14)/3=0,"",(AN14+AU14+BB14)/3) -> 21.996667 | AH14: =IF(IF(AN14>0,1,0)+IF(AU14>0,1,0)+IF(BB14>0,1,0)=3,1,0) -> 0 | AI14: =IF(AH14=0,0,IF(AG14>=7,1,0)) -> 0 | AJ14: =IFERROR(AVERAGEIFS('Base Kpi'!$AR:$AR,'Base Kpi'!$AK:$AK,Cliente!$E14,'Base Kpi'!$AQ:$AQ,AJ$5),0) -> 0 | AK14: =IFERROR(AVERAGEIFS('Base Kpi'!$AR:$AR,'Base Kpi'!$AK:$AK,Cliente!$E14,'Base Kpi'!$AQ:$AQ,AK$5),0) -> 0 | AL14: =IFERROR(AVERAGEIFS('Base Kpi'!$AR:$AR,'Base Kpi'!$AK:$AK,Cliente!$E14,'Base Kpi'!$AQ:$AQ,AL$5),0) -> 0 | AM14: =IFERROR(AVERAGEIFS('Base Kpi'!$AR:$AR,'Base Kpi'!$AK:$AK,Cliente!$E14,'Base Kpi'!$AQ:$AQ,AM$5),0) -> 0 | AN14: =SUM(AJ14:AM14) -> 0 | AO14: =IF(AN14>=80,1,0) -> 0 | AP14: =IFERROR(AVERAGEIFS('Base Kpi'!$BD:$BD,'Base Kpi'!$AW:$AW,Cliente!$E14,'Base Kpi'!$BC:$BC,Cliente!AP$5),0) -> 25 | AQ14: =IFERROR(AVERAGEIFS('Base Kpi'!$BD:$BD,'Base Kpi'!$AW:$AW,Cliente!$E14,'Base Kpi'!$BC:$BC,Cliente!AQ$5),0) -> 0 | AR14: =IFERROR(AVERAGEIFS('Base Kpi'!$BD:$BD,'Base Kpi'!$AW:$AW,Cliente!$E14,'Base Kpi'!$BC:$BC,Cliente!AR$5),0) -> 6 | AS14: =IFERROR(AVERAGEIFS('Base Kpi'!$BD:$BD,'Base Kpi'!$AW:$AW,Cliente!$E14,'Base Kpi'!$BC:$BC,Cliente!AS$5),0) -> 27.84 | AT14: =IFERROR(AVERAGEIFS('Base Kpi'!$BD:$BD,'Base Kpi'!$AW:$AW,Cliente!$E14,'Base Kpi'!$BC:$BC,Cliente!AT$5),0) -> 0 | AU14: =SUM(AP14:AT14) -> 58.84 | AV14: =IF(AU14>=80,1,0) -> 0 | AW14: =IFERROR(AVERAGEIFS('Base Kpi'!$BP:$BP,'Base Kpi'!$BI:$BI,Cliente!$E14,'Base Kpi'!$BO:$BO,Cliente!AW$5),0) -> 7.15 | AX14: =IFERROR(AVERAGEIFS('Base Kpi'!$BP:$BP,'Base Kpi'!$BI:$BI,Cliente!$E14,'Base Kpi'!$BO:$BO,Cliente!AX$5),0) -> 0 | AY14: =IFERROR(AVERAGEIFS('Base Kpi'!$BP:$BP,'Base Kpi'!$BI:$BI,Cliente!$E14,'Base Kpi'!$BO:$BO,Cliente!AY$5),0) -> 0 | AZ14: =IFERROR(AVERAGEIFS('Base Kpi'!$BP:$BP,'Base Kpi'!$BI:$BI,Cliente!$E14,'Base Kpi'!$BO:$BO,Cliente!AZ$5),0) -> 0 | BA14: =IFERROR(AVERAGEIFS('Base Kpi'!$BP:$BP,'Base Kpi'!$BI:$BI,Cliente!$E14,'Base Kpi'!$BO:$BO,Cliente!BA$5),0) -> 0 | BB14: =SUM(AW14:BA14) -> 7.15 | BC14: =IF(BB14>=80,1,0) -> 0 | BD14: =IF((BL14+BS14+BZ14)/3=0,"",(BL14+BS14+BZ14)/3) -> 85.4 | BE14: =IF(IF(BK14>0,1,0)+IF(BR14>0,1,0)+IF(BX14>0,1,0)=3,1,0) -> 1 | BF14: =IF(BE14=0,0,IF(BD14>=80,1,0)) -> 1 | BG14: =IFERROR(AVERAGEIFS('Base Kpi'!$CB:$CB,'Base Kpi'!$BU:$BU,Cliente!$E14,'Base Kpi'!$CA:$CA,Cliente!BG$5),0) -> 25 | BH14: =IFERROR(AVERAGEIFS('Base Kpi'!$CB:$CB,'Base Kpi'!$BU:$BU,Cliente!$E14,'Base Kpi'!$CA:$CA,Cliente!BH$5),0) -> 5 | BI14: =IFERROR(AVERAGEIFS('Base Kpi'!$CB:$CB,'Base Kpi'!$BU:$BU,Cliente!$E14,'Base Kpi'!$CA:$CA,Cliente!BI$5),0) -> 12 | BJ14: =IFERROR(AVERAGEIFS('Base Kpi'!$CB:$CB,'Base Kpi'!$BU:$BU,Cliente!$E14,'Base Kpi'!$CA:$CA,Cliente!BJ$5),0) -> 32.8 | BK14: =IFERROR(AVERAGEIFS('Base Kpi'!$CB:$CB,'Base Kpi'!$BU:$BU,Cliente!$E14,'Base Kpi'!$CA:$CA,Cliente!BK$5),0) -> 9 | BL14: =SUM(BG14:BK14) -> 83.8 | BM14: =IF(BL14>=80,1,0) -> 1 | BN14: =IFERROR(AVERAGEIFS('Base Kpi'!$CN:$CN,'Base Kpi'!$CG:$CG,Cliente!$E14,'Base Kpi'!$CM:$CM,Cliente!BN$5),0) -> 25 | BO14: =IFERROR(AVERAGEIFS('Base Kpi'!$CN:$CN,'Base Kpi'!$CG:$CG,Cliente!$E14,'Base Kpi'!$CM:$CM,Cliente!BO$5),0) -> 5 | BP14: =IFERROR(AVERAGEIFS('Base Kpi'!$CN:$CN,'Base Kpi'!$CG:$CG,Cliente!$E14,'Base Kpi'!$CM:$CM,Cliente!BP$5),0) -> 12 | BQ14: =IFERROR(AVERAGEIFS('Base Kpi'!$CN:$CN,'Base Kpi'!$CG:$CG,Cliente!$E14,'Base Kpi'!$CM:$CM,Cliente!BQ$5),0) -> 35.2 | BR14: =IFERROR(AVERAGEIFS('Base Kpi'!$CN:$CN,'Base Kpi'!$CG:$CG,Cliente!$E14,'Base Kpi'!$CM:$CM,Cliente!BR$5),0) -> 9 | BS14: =SUM(BN14:BR14) -> 86.2 | BT14: =IF(BS14>=80,1,0) -> 1 | BU14: =IFERROR(AVERAGEIFS('Base Kpi'!$CZ:$CZ,'Base Kpi'!$CS:$CS,Cliente!$E14,'Base Kpi'!$CY:$CY,Cliente!BU$5),0) -> 25 | BV14: =IFERROR(AVERAGEIFS('Base Kpi'!$CZ:$CZ,'Base Kpi'!$CS:$CS,Cliente!$E14,'Base Kpi'!$CY:$CY,Cliente!BV$5),0) -> 5 | BW14: =IFERROR(AVERAGEIFS('Base Kpi'!$CZ:$CZ,'Base Kpi'!$CS:$CS,Cliente!$E14,'Base Kpi'!$CY:$CY,Cliente!BW$5),0) -> 12 | BX14: =IFERROR(AVERAGEIFS('Base Kpi'!$CZ:$CZ,'Base Kpi'!$CS:$CS,Cliente!$E14,'Base Kpi'!$CY:$CY,Cliente!BX$5),0) -> 35.2 | BY14: =IFERROR(AVERAGEIFS('Base Kpi'!$CZ:$CZ,'Base Kpi'!$CS:$CS,Cliente!$E14,'Base Kpi'!$CY:$CY,Cliente!BY$5),0) -> 9 | BZ14: =SUM(BU14:BY14) -> 86.2 | CA14: =IF(BZ14>=80,1,0) -> 1 | CB14: =IF((CL14+CU14+DD14)/3=0,"",(CL14+CU14+DD14)/3) -> 94.941667 | CC14: =IF(IF(CL14>0,1,0)+IF(CU14>0,1,0)+IF(DD14>0,1,0)=3,1,0) -> 1 | CD14: =IF(CC14=0,0,IF(CB14>=7,1,0)) -> 1 | CE14: {=IFERROR(LARGE(_xlfn._xlws.FILTER('Base Kpi'!$DL:$DL,('Base Kpi'!$DK:$DK=$CE$5)*('Base Kpi'!$DE:$DE=Cliente!$E14)),1),0)} -> 34.4 | CF14: {=IFERROR(LARGE(_xlfn._xlws.FILTER('Base Kpi'!$DL:$DL,('Base Kpi'!$DK:$DK=$CF$5)*('Base Kpi'!$DE:$DE=Cliente!$E14)),1),0)} -> 5 | CG14: {=IFERROR(LARGE(_xlfn._xlws.FILTER('Base Kpi'!$DL:$DL,('Base Kpi'!$DK:$DK=$CG$5)*('Base Kpi'!$DE:$DE=Cliente!$E14)),1),0)} -> 5 | CH14: {=IFERROR(LARGE(_xlfn._xlws.FILTER('Base Kpi'!$DL:$DL,('Base Kpi'!$DK:$DK=$CH$5)*('Base Kpi'!$DE:$DE=Cliente!$E14)),1),0)} -> 18 | CI14: {=IFERROR(LARGE(_xlfn._xlws.FILTER('Base Kpi'!$DL:$DL,('Base Kpi'!$DK:$DK=$CI$5)*('Base Kpi'!$DE:$DE=Cliente!$E14)),1),0)} -> 25 | CJ14: {=IFERROR(LARGE(_xlfn._xlws.FILTER('Base Kpi'!$DL:$DL,('Base Kpi'!$DK:$DK=$CJ$5)*('Base Kpi'!$DE:$DE=Cliente!$E14)),1),0)} -> 12 | CK14: {=IFERROR(LARGE(_xlfn._xlws.FILTER('Base Kpi'!$DL:$DL,('Base Kpi'!$DK:$DK=$CK$5)*('Base Kpi'!$DE:$DE=Cliente!$E14)),1),0)} -> 0 | CL14: =SUM(CE14:CK14) -> 99.4 | CM14: =IF(CL14>=80,1,0) -> 1 | CN14: =IFERROR(AVERAGEIFS('Base Kpi'!$DX:$DX,'Base Kpi'!$DQ:$DQ,Cliente!$E14,'Base Kpi'!$DW:$DW,Cliente!CN$5),0) -> 35.2 | CO14: =IFERROR(AVERAGEIFS('Base Kpi'!$DX:$DX,'Base Kpi'!$DQ:$DQ,Cliente!$E14,'Base Kpi'!$DW:$DW,Cliente!CO$5),0) -> 5 | CP14: =IFERROR(AVERAGEIFS('Base Kpi'!$DX:$DX,'Base Kpi'!$DQ:$DQ,Cliente!$E14,'Base Kpi'!$DW:$DW,Cliente!CP$5),0) -> 5 | CQ14: =IFERROR(AVERAGEIFS('Base Kpi'!$DX:$DX,'Base Kpi'!$DQ:$DQ,Cliente!$E14,'Base Kpi'!$DW:$DW,Cliente!CQ$5),0) -> 18 | CR14: =IFERROR(AVERAGEIFS('Base Kpi'!$DX:$DX,'Base Kpi'!$DQ:$DQ,Cliente!$E14,'Base Kpi'!$DW:$DW,Cliente!CR$5),0) -> 21.425 | CS14: =IFERROR(AVERAGEIFS('Base Kpi'!$DX:$DX,'Base Kpi'!$DQ:$DQ,Cliente!$E14,'Base Kpi'!$DW:$DW,Cliente!CS$5),0) -> 12 | CT14: =IFERROR(AVERAGEIFS('Base Kpi'!$DX:$DX,'Base Kpi'!$DQ:$DQ,Cliente!$E14,'Base Kpi'!$DW:$DW,Cliente!CT$5),0) -> 0 | CU14: =SUM(CN14:CT14) -> 96.625 | CV14: =IF(CU14>=7,1,0) -> 1 | CW14: =IFERROR(AVERAGEIFS('Base Kpi'!$EJ:$EJ,'Base Kpi'!$EC:$EC,Cliente!$E14,'Base Kpi'!$EI:$EI,Cliente!CW$5),0) -> 32.8 | CX14: =IFERROR(AVERAGEIFS('Base Kpi'!$EJ:$EJ,'Base Kpi'!$EC:$EC,Cliente!$E14,'Base Kpi'!$EI:$EI,Cliente!CX$5),0) -> 5 | CY14: =IFERROR(AVERAGEIFS('Base Kpi'!$EJ:$EJ,'Base Kpi'!$EC:$EC,Cliente!$E14,'Base Kpi'!$EI:$EI,Cliente!CY$5),0) -> 5 | CZ14: =IFERROR(AVERAGEIFS('Base Kpi'!$EJ:$EJ,'Base Kpi'!$EC:$EC,Cliente!$E14,'Base Kpi'!$EI:$EI,Cliente!CZ$5),0) -> 9 | DA14: =IFERROR(AVERAGEIFS('Base Kpi'!$EJ:$EJ,'Base Kpi'!$EC:$EC,Cliente!$E14,'Base Kpi'!$EI:$EI,Cliente!DA$5),0) -> 25 | DB14: =IFERROR(AVERAGEIFS('Base Kpi'!$EJ:$EJ,'Base Kpi'!$EC:$EC,Cliente!$E14,'Base Kpi'!$EI:$EI,Cliente!DB$5),0) -> 12 | DC14: =IFERROR(AVERAGEIFS('Base Kpi'!$EJ:$EJ,'Base Kpi'!$EC:$EC,Cliente!$E14,'Base Kpi'!$EI:$EI,Cliente!DC$5),0) -> 0 | DD14: =SUM(CW14:DC14) -> 88.8 | DE14: =IF(DD14>=7,1,0) -> 1
B15: FLP-SUL MC/KA D | C15: 3919 | D15: MC-TBCR D | E15: 150368 | F15: SUPERMERCADOS MANENTI LTDA LOJA 07 | G15: IMBITUBA | H15: RUA CONEGO ITAMAR LUIZ DA COSTA 0498 | I15: NOVA BRASILIA | J15: SM DE 05 A 09 CHECK-OUT | K15: REDE MANENTI | L15: =IF((S15+Y15+AE15)/3=0,"",(S15+Y15+AE15)/3) -> 80.11 | M15: =IF(IF(S15>0,1,0)+IF(Y15>0,1,0)+IF(AE15>0,1,0)=3,1,0) -> 1 | N15: =IF(M15=0,0,IF(L15>=80,1,0)) -> 1 | O15: =IFERROR(AVERAGEIFS('Base Kpi'!$I:$I,'Base Kpi'!$B:$B,Cliente!$E15,'Base Kpi'!$G:$G,Cliente!O$5),0) -> 25.71 | P15: =IFERROR(AVERAGEIFS('Base Kpi'!$I:$I,'Base Kpi'!$B:$B,Cliente!$E15,'Base Kpi'!$G:$G,Cliente!P$5),0) -> 8 | Q15: =IFERROR(AVERAGEIFS('Base Kpi'!$I:$I,'Base Kpi'!$B:$B,Cliente!$E15,'Base Kpi'!$G:$G,Cliente!Q$5),0) -> 10.2 | R15: =IFERROR(AVERAGEIFS('Base Kpi'!$I:$I,'Base Kpi'!$B:$B,Cliente!$E15,'Base Kpi'!$G:$G,Cliente!R$5),0) -> 33.75 | S15: =SUM(O15:R15) -> 77.66 | T15: =IF(S15>=80,1,0) -> 0 | U15: =IFERROR(AVERAGEIFS('Base Kpi'!$T:$T,'Base Kpi'!$M:$M,Cliente!$E15,'Base Kpi'!$S:$S,Cliente!U$5),0) -> 25.71 | V15: =IFERROR(AVERAGEIFS('Base Kpi'!$T:$T,'Base Kpi'!$M:$M,Cliente!$E15,'Base Kpi'!$S:$S,Cliente!V$5),0) -> 8 | W15: =IFERROR(AVERAGEIFS('Base Kpi'!$T:$T,'Base Kpi'!$M:$M,Cliente!$E15,'Base Kpi'!$S:$S,Cliente!W$5),0) -> 12.75 | X15: =IFERROR(AVERAGEIFS('Base Kpi'!$T:$T,'Base Kpi'!$M:$M,Cliente!$E15,'Base Kpi'!$S:$S,Cliente!X$5),0) -> 36 | Y15: =SUM(U15:X15) -> 82.46 | Z15: =IF(Y15>=80,1,0) -> 1 | AA15: =IFERROR(AVERAGEIFS('Base Kpi'!$AF:$AF,'Base Kpi'!$Y:$Y,Cliente!$E15,'Base Kpi'!$AE:$AE,Cliente!AA$5),0) -> 25.71 | AB15: =IFERROR(AVERAGEIFS('Base Kpi'!$AF:$AF,'Base Kpi'!$Y:$Y,Cliente!$E15,'Base Kpi'!$AE:$AE,Cliente!AB$5),0) -> 8 | AC15: =IFERROR(AVERAGEIFS('Base Kpi'!$AF:$AF,'Base Kpi'!$Y:$Y,Cliente!$E15,'Base Kpi'!$AE:$AE,Cliente!AC$5),0) -> 12.75 | AD15: =IFERROR(AVERAGEIFS('Base Kpi'!$AF:$AF,'Base Kpi'!$Y:$Y,Cliente!$E15,'Base Kpi'!$AE:$AE,Cliente!AD$5),0) -> 33.75 | AE15: =SUM(AA15:AD15) -> 80.21 | AF15: =IF(AE15>=80,1,0) -> 1 | AG15: =IF((AN15+AU15+BB15)/3=0,"",(AN15+AU15+BB15)/3) -> 45.175 | AH15: =IF(IF(AN15>0,1,0)+IF(AU15>0,1,0)+IF(BB15>0,1,0)=3,1,0) -> 0 | AI15: =IF(AH15=0,0,IF(AG15>=7,1,0)) -> 0 | AJ15: =IFERROR(AVERAGEIFS('Base Kpi'!$AR:$AR,'Base Kpi'!$AK:$AK,Cliente!$E15,'Base Kpi'!$AQ:$AQ,AJ$5),0) -> 25 | AK15: =IFERROR(AVERAGEIFS('Base Kpi'!$AR:$AR,'Base Kpi'!$AK:$AK,Cliente!$E15,'Base Kpi'!$AQ:$AQ,AK$5),0) -> 2.5 | AL15: =IFERROR(AVERAGEIFS('Base Kpi'!$AR:$AR,'Base Kpi'!$AK:$AK,Cliente!$E15,'Base Kpi'!$AQ:$AQ,AL$5),0) -> 12 | AM15: =IFERROR(AVERAGEIFS('Base Kpi'!$AR:$AR,'Base Kpi'!$AK:$AK,Cliente!$E15,'Base Kpi'!$AQ:$AQ,AM$5),0) -> 32.16 | AN15: =SUM(AJ15:AM15) -> 71.66 | AO15: =IF(AN15>=80,1,0) -> 0 | AP15: =IFERROR(AVERAGEIFS('Base Kpi'!$BD:$BD,'Base Kpi'!$AW:$AW,Cliente!$E15,'Base Kpi'!$BC:$BC,Cliente!AP$5),0) -> 0 | AQ15: =IFERROR(AVERAGEIFS('Base Kpi'!$BD:$BD,'Base Kpi'!$AW:$AW,Cliente!$E15,'Base Kpi'!$BC:$BC,Cliente!AQ$5),0) -> 0 | AR15: =IFERROR(AVERAGEIFS('Base Kpi'!$BD:$BD,'Base Kpi'!$AW:$AW,Cliente!$E15,'Base Kpi'!$BC:$BC,Cliente!AR$5),0) -> 0 | AS15: =IFERROR(AVERAGEIFS('Base Kpi'!$BD:$BD,'Base Kpi'!$AW:$AW,Cliente!$E15,'Base Kpi'!$BC:$BC,Cliente!AS$5),0) -> 0 | AT15: =IFERROR(AVERAGEIFS('Base Kpi'!$BD:$BD,'Base Kpi'!$AW:$AW,Cliente!$E15,'Base Kpi'!$BC:$BC,Cliente!AT$5),0) -> 0 | AU15: =SUM(AP15:AT15) -> 0 | AV15: =IF(AU15>=80,1,0) -> 0 | AW15: =IFERROR(AVERAGEIFS('Base Kpi'!$BP:$BP,'Base Kpi'!$BI:$BI,Cliente!$E15,'Base Kpi'!$BO:$BO,Cliente!AW$5),0) -> 25 | AX15: =IFERROR(AVERAGEIFS('Base Kpi'!$BP:$BP,'Base Kpi'!$BI:$BI,Cliente!$E15,'Base Kpi'!$BO:$BO,Cliente!AX$5),0) -> 1.665 | AY15: =IFERROR(AVERAGEIFS('Base Kpi'!$BP:$BP,'Base Kpi'!$BI:$BI,Cliente!$E15,'Base Kpi'!$BO:$BO,Cliente!AY$5),0) -> 12 | AZ15: =IFERROR(AVERAGEIFS('Base Kpi'!$BP:$BP,'Base Kpi'!$BI:$BI,Cliente!$E15,'Base Kpi'!$BO:$BO,Cliente!AZ$5),0) -> 25.2 | BA15: =IFERROR(AVERAGEIFS('Base Kpi'!$BP:$BP,'Base Kpi'!$BI:$BI,Cliente!$E15,'Base Kpi'!$BO:$BO,Cliente!BA$5),0) -> 0 | BB15: =SUM(AW15:BA15) -> 63.865 | BC15: =IF(BB15>=80,1,0) -> 0 | BD15: =IF((BL15+BS15+BZ15)/3=0,"",(BL15+BS15+BZ15)/3) -> 84.608333 | BE15: =IF(IF(BK15>0,1,0)+IF(BR15>0,1,0)+IF(BX15>0,1,0)=3,1,0) -> 1 | BF15: =IF(BE15=0,0,IF(BD15>=80,1,0)) -> 1 | BG15: =IFERROR(AVERAGEIFS('Base Kpi'!$CB:$CB,'Base Kpi'!$BU:$BU,Cliente!$E15,'Base Kpi'!$CA:$CA,Cliente!BG$5),0) -> 21.425 | BH15: =IFERROR(AVERAGEIFS('Base Kpi'!$CB:$CB,'Base Kpi'!$BU:$BU,Cliente!$E15,'Base Kpi'!$CA:$CA,Cliente!BH$5),0) -> 5 | BI15: =IFERROR(AVERAGEIFS('Base Kpi'!$CB:$CB,'Base Kpi'!$BU:$BU,Cliente!$E15,'Base Kpi'!$CA:$CA,Cliente!BI$5),0) -> 12 | BJ15: =IFERROR(AVERAGEIFS('Base Kpi'!$CB:$CB,'Base Kpi'!$BU:$BU,Cliente!$E15,'Base Kpi'!$CA:$CA,Cliente!BJ$5),0) -> 24.8 | BK15: =IFERROR(AVERAGEIFS('Base Kpi'!$CB:$CB,'Base Kpi'!$BU:$BU,Cliente!$E15,'Base Kpi'!$CA:$CA,Cliente!BK$5),0) -> 9 | BL15: =SUM(BG15:BK15) -> 72.225 | BM15: =IF(BL15>=80,1,0) -> 0 | BN15: =IFERROR(AVERAGEIFS('Base Kpi'!$CN:$CN,'Base Kpi'!$CG:$CG,Cliente!$E15,'Base Kpi'!$CM:$CM,Cliente!BN$5),0) -> 25 | BO15: =IFERROR(AVERAGEIFS('Base Kpi'!$CN:$CN,'Base Kpi'!$CG:$CG,Cliente!$E15,'Base Kpi'!$CM:$CM,Cliente!BO$5),0) -> 5 | BP15: =IFERROR(AVERAGEIFS('Base Kpi'!$CN:$CN,'Base Kpi'!$CG:$CG,Cliente!$E15,'Base Kpi'!$CM:$CM,Cliente!BP$5),0) -> 12 | BQ15: =IFERROR(AVERAGEIFS('Base Kpi'!$CN:$CN,'Base Kpi'!$CG:$CG,Cliente!$E15,'Base Kpi'!$CM:$CM,Cliente!BQ$5),0) -> 31.2 | BR15: =IFERROR(AVERAGEIFS('Base Kpi'!$CN:$CN,'Base Kpi'!$CG:$CG,Cliente!$E15,'Base Kpi'!$CM:$CM,Cliente!BR$5),0) -> 18 | BS15: =SUM(BN15:BR15) -> 91.2 | BT15: =IF(BS15>=80,1,0) -> 1 | BU15: =IFERROR(AVERAGEIFS('Base Kpi'!$CZ:$CZ,'Base Kpi'!$CS:$CS,Cliente!$E15,'Base Kpi'!$CY:$CY,Cliente!BU$5),0) -> 25 | BV15: =IFERROR(AVERAGEIFS('Base Kpi'!$CZ:$CZ,'Base Kpi'!$CS:$CS,Cliente!$E15,'Base Kpi'!$CY:$CY,Cliente!BV$5),0) -> 5 | BW15: =IFERROR(AVERAGEIFS('Base Kpi'!$CZ:$CZ,'Base Kpi'!$CS:$CS,Cliente!$E15,'Base Kpi'!$CY:$CY,Cliente!BW$5),0) -> 12 | BX15: =IFERROR(AVERAGEIFS('Base Kpi'!$CZ:$CZ,'Base Kpi'!$CS:$CS,Cliente!$E15,'Base Kpi'!$CY:$CY,Cliente!BX$5),0) -> 30.4 | BY15: =IFERROR(AVERAGEIFS('Base Kpi'!$CZ:$CZ,'Base Kpi'!$CS:$CS,Cliente!$E15,'Base Kpi'!$CY:$CY,Cliente!BY$5),0) -> 18 | BZ15: =SUM(BU15:BY15) -> 90.4 | CA15: =IF(BZ15>=80,1,0) -> 1 | CB15: =IF((CL15+CU15+DD15)/3=0,"",(CL15+CU15+DD15)/3) -> 87.4 | CC15: =IF(IF(CL15>0,1,0)+IF(CU15>0,1,0)+IF(DD15>0,1,0)=3,1,0) -> 1 | CD15: =IF(CC15=0,0,IF(CB15>=7,1,0)) -> 1 | CE15: {=IFERROR(LARGE(_xlfn._xlws.FILTER('Base Kpi'!$DL:$DL,('Base Kpi'!$DK:$DK=$CE$5)*('Base Kpi'!$DE:$DE=Cliente!$E15)),1),0)} -> 28.8 | CF15: {=IFERROR(LARGE(_xlfn._xlws.FILTER('Base Kpi'!$DL:$DL,('Base Kpi'!$DK:$DK=$CF$5)*('Base Kpi'!$DE:$DE=Cliente!$E15)),1),0)} -> 5 | CG15: {=IFERROR(LARGE(_xlfn._xlws.FILTER('Base Kpi'!$DL:$DL,('Base Kpi'!$DK:$DK=$CG$5)*('Base Kpi'!$DE:$DE=Cliente!$E15)),1),0)} -> 5 | CH15: {=IFERROR(LARGE(_xlfn._xlws.FILTER('Base Kpi'!$DL:$DL,('Base Kpi'!$DK:$DK=$CH$5)*('Base Kpi'!$DE:$DE=Cliente!$E15)),1),0)} -> 9 | CI15: {=IFERROR(LARGE(_xlfn._xlws.FILTER('Base Kpi'!$DL:$DL,('Base Kpi'!$DK:$DK=$CI$5)*('Base Kpi'!$DE:$DE=Cliente!$E15)),1),0)} -> 25 | CJ15: {=IFERROR(LARGE(_xlfn._xlws.FILTER('Base Kpi'!$DL:$DL,('Base Kpi'!$DK:$DK=$CJ$5)*('Base Kpi'!$DE:$DE=Cliente!$E15)),1),0)} -> 6 | CK15: {=IFERROR(LARGE(_xlfn._xlws.FILTER('Base Kpi'!$DL:$DL,('Base Kpi'!$DK:$DK=$CK$5)*('Base Kpi'!$DE:$DE=Cliente!$E15)),1),0)} -> 0 | CL15: =SUM(CE15:CK15) -> 78.8 | CM15: =IF(CL15>=80,1,0) -> 0 | CN15: =IFERROR(AVERAGEIFS('Base Kpi'!$DX:$DX,'Base Kpi'!$DQ:$DQ,Cliente!$E15,'Base Kpi'!$DW:$DW,Cliente!CN$5),0) -> 31.2 | CO15: =IFERROR(AVERAGEIFS('Base Kpi'!$DX:$DX,'Base Kpi'!$DQ:$DQ,Cliente!$E15,'Base Kpi'!$DW:$DW,Cliente!CO$5),0) -> 5 | CP15: =IFERROR(AVERAGEIFS('Base Kpi'!$DX:$DX,'Base Kpi'!$DQ:$DQ,Cliente!$E15,'Base Kpi'!$DW:$DW,Cliente!CP$5),0) -> 5 | CQ15: =IFERROR(AVERAGEIFS('Base Kpi'!$DX:$DX,'Base Kpi'!$DQ:$DQ,Cliente!$E15,'Base Kpi'!$DW:$DW,Cliente!CQ$5),0) -> 18 | CR15: =IFERROR(AVERAGEIFS('Base Kpi'!$DX:$DX,'Base Kpi'!$DQ:$DQ,Cliente!$E15,'Base Kpi'!$DW:$DW,Cliente!CR$5),0) -> 25 | CS15: =IFERROR(AVERAGEIFS('Base Kpi'!$DX:$DX,'Base Kpi'!$DQ:$DQ,Cliente!$E15,'Base Kpi'!$DW:$DW,Cliente!CS$5),0) -> 12 | CT15: =IFERROR(AVERAGEIFS('Base Kpi'!$DX:$DX,'Base Kpi'!$DQ:$DQ,Cliente!$E15,'Base Kpi'!$DW:$DW,Cliente!CT$5),0) -> 0 | CU15: =SUM(CN15:CT15) -> 96.2 | CV15: =IF(CU15>=7,1,0) -> 1 | CW15: =IFERROR(AVERAGEIFS('Base Kpi'!$EJ:$EJ,'Base Kpi'!$EC:$EC,Cliente!$E15,'Base Kpi'!$EI:$EI,Cliente!CW$5),0) -> 31.2 | CX15: =IFERROR(AVERAGEIFS('Base Kpi'!$EJ:$EJ,'Base Kpi'!$EC:$EC,Cliente!$E15,'Base Kpi'!$EI:$EI,Cliente!CX$5),0) -> 5 | CY15: =IFERROR(AVERAGEIFS('Base Kpi'!$EJ:$EJ,'Base Kpi'!$EC:$EC,Cliente!$E15,'Base Kpi'!$EI:$EI,Cliente!CY$5),0) -> 5 | CZ15: =IFERROR(AVERAGEIFS('Base Kpi'!$EJ:$EJ,'Base Kpi'!$EC:$EC,Cliente!$E15,'Base Kpi'!$EI:$EI,Cliente!CZ$5),0) -> 9 | DA15: =IFERROR(AVERAGEIFS('Base Kpi'!$EJ:$EJ,'Base Kpi'!$EC:$EC,Cliente!$E15,'Base Kpi'!$EI:$EI,Cliente!DA$5),0) -> 25 | DB15: =IFERROR(AVERAGEIFS('Base Kpi'!$EJ:$EJ,'Base Kpi'!$EC:$EC,Cliente!$E15,'Base Kpi'!$EI:$EI,Cliente!DB$5),0) -> 12 | DC15: =IFERROR(AVERAGEIFS('Base Kpi'!$EJ:$EJ,'Base Kpi'!$EC:$EC,Cliente!$E15,'Base Kpi'!$EI:$EI,Cliente!DC$5),0) -> 0 | DD15: =SUM(CW15:DC15) -> 87.2 | DE15: =IF(DD15>=7,1,0) -> 1
