Workbook

Sheet MECÂNICA
C47: Disponível | D47: Pago | E47: %
B48: GERENTE COMERCIAL | C48: 0 | D48: 0 | E48: =IFERROR(D48/C48,) -> 0
B49: GERENTE DE VENDAS | C49: 0 | D49: 0 | E49: =IFERROR(D49/C49,) -> 0
B50: SUPERVISORES/CONSULTORES | C50: 0 | D50: 0 | E50: =IFERROR(D50/C50,) -> 0
B51: VENDEDORES | C51: 26400 | D51: 0 | E51: =IFERROR(D51/C51,) -> 0
B52: MERCHANDISING EXTERNO | C52: 0 | D52: 0 | E52: =IFERROR(D52/C52,) -> 0
B53: MERCHANDISING INTERNO | C53: 0 | D53: 0 | E53: =IFERROR(D53/C53,) -> 0
B54: TOTAL | C54: =SUM(C47:C53) -> 26400 | D54: =SUM(D47:D53) -> 0 | E54: =IFERROR(D54/C54,) -> 0

Sheet PONTOS
D2: PRIORIDADES
D3: INDICADOR | E3: META | F3: REAL | G3: % | H3: NOTA | I3: PONTOS
D4: LOJA 360 - Q4 (Lojas) ABR | E4: 71 | F4: ='LOJA PERFEITA'!J12 -> 58 | G4: =IFERROR(F4/E4,0) -> 0.81690141
D5: LOJA 360 - Q4 (Média) ABR | E5: 80 | F5: ='LOJA PERFEITA'!M12 -> 88.177759 | G5: =IFERROR(F5/E5,0) -> 1.102222 | H5: 3.333 | I5: =IF(G5>=100%,H5,IF((G5<100%)*(G5>=95%),H5*0.8,IF((G5<95%)*(G5>=90%),H5*0.6,0))) -> 3.333
D6: LOJA 360 - Q4 (Lojas) MAI | E6: 71 | F6: ='LOJA PERFEITA'!O12 -> 57 | G6: =IFERROR(F6/E6,0) -> 0.8028169
D7: LOJA 360 - Q4 (Média) MAI | E7: 80 | F7: ='LOJA PERFEITA'!R12 -> 90.117368 | G7: =IFERROR(F7/E7,0) -> 1.1264671 | H7: 3.3333 | I7: =IF(G7>=100%,H7,IF((G7<100%)*(G7>=95%),H7*0.8,IF((G7<95%)*(G7>=90%),H7*0.6,0))) -> 3.3333
D8: LOJA 360 - Q4 (Lojas) JUN | E8: 71 | F8: ='LOJA PERFEITA'!T12 -> 34 | G8: =IFERROR(F8/E8,0) -> 0.47887324
D9: LOJA 360 - Q4 (Média) JUN | E9: 80 | F9: ='LOJA PERFEITA'!W12 -> 90.371324 | G9: =IFERROR(F9/E9,0) -> 1.1296415 | H9: 3.3333 | I9: =IF(G9>=100%,H9,IF((G9<100%)*(G9>=95%),H9*0.8,IF((G9<95%)*(G9>=90%),H9*0.6,0))) -> 3.3333
D10: GLADE GOTAS - Gotas Perfumadas | E10: =LANÇAMENTOS!Q19 -> 1030 | F10: =LANÇAMENTOS!R19 -> 2248.4167 | G10: =IFERROR(F10/E10,0) -> 2.1829288 | H10: 5 | I10: =IF(G10>=100%,H10,IF((G10<100%)*(G10>=95%),H10*0.8,IF((G10<95%)*(G10>=90%),H10*0.6,0))) -> 5
D11: DISTRIBUIÇÃO - ANO FISCAL | E11: ='VOLUME POSITIVACAO'!J22 -> 6593 | F11: ='VOLUME POSITIVACAO'!K22 -> 6225 | G11: =IFERROR(F11/E11,0) -> 0.94418322 | H11: 15 | I11: =IF(G11>=100%,H11,IF((G11<100%)*(G11>=95%),H11*0.8,IF((G11<95%)*(G11>=90%),H11*0.6,0))) -> 9
D12: VOLUME TOTAL - TRIMESTRE | E12: ='VOLUME POSITIVACAO'!C24 -> 31766 | F12: ='VOLUME POSITIVACAO'!D24 -> 23377.042 | G12: =IFERROR(F12/E12,0) -> 0.73591392 | H12: 20 | I12: =IF(G12>=100%,H12,IF((G12<100%)*(G12>=95%),H12*0.8,IF((G12<95%)*(G12>=90%),H12*0.6,0))) -> 0
D13: VOLUME TOP CONTAS - TRIMESTRE | E13: ='VOLUME POSITIVACAO'!E31 -> 10857 | F13: ='VOLUME POSITIVACAO'!A31 -> 5762.707 | G13: =IFERROR(F13/E13,0) -> 0.53078263 | H13: 10 | I13: =IF(G13>=100%,H13,IF((G13<100%)*(G13>=95%),H13*0.8,IF((G13<95%)*(G13>=90%),H13*0.6,0))) -> 0
D14: MIX 2 - Q4 | E14: =GERAL!C21 -> 4283 | F14: =GERAL!D21 -> 3970 | G14: =IFERROR(F14/E14,0) -> 0.92692038 | H14: 6 | I14: =IF(G14>=100%,H14,IF((G14<100%)*(G14>=95%),H14*0.8,IF((G14<95%)*(G14>=90%),H14*0.6,0))) -> 3.6
D15: MIX 7 - Q4 | E15: =GERAL!C22 -> 2539 | F15: =GERAL!D22 -> 2220 | G15: =IFERROR(F15/E15,0) -> 0.87435998 | H15: 5 | I15: =IF(G15>=100%,H15,IF((G15<100%)*(G15>=95%),H15*0.8,IF((G15<95%)*(G15>=90%),H15*0.6,0))) -> 0
D16: MIX 17 - Q4 | E16: =GERAL!C23 -> 2341 | F16: =GERAL!D23 -> 1560 | G16: =IFERROR(F16/E16,0) -> 0.66638189 | H16: 5 | I16: =IF(G16>=100%,H16,IF((G16<100%)*(G16>=95%),H16*0.8,IF((G16<95%)*(G16>=90%),H16*0.6,0))) -> 0
D17: MIX 28 - Q4 | E17: =GERAL!C24 -> 327 | F17: =GERAL!D24 -> 334 | G17: =IFERROR(F17/E17,0) -> 1.0214067 | H17: 4 | I17: =IF(G17>=100%,H17,IF((G17<100%)*(G17>=95%),H17*0.8,IF((G17<95%)*(G17>=90%),H17*0.6,0))) -> 4
D18: RAID LIQUIDO ELETRICO | E18: =GERAL!J21 -> 1715 | F18: =GERAL!K21 -> 1259.1833 | G18: =IFERROR(F18/E18,0) -> 0.73421769 | H18: 3.75 | I18: =IF(G18>=100%,H18,IF((G18<100%)*(G18>=95%),H18*0.8,IF((G18<95%)*(G18>=90%),H18*0.6,0))) -> 0
D19: GLADE AEROSSOL | E19: =GERAL!J22 -> 4531 | F19: =GERAL!K22 -> 1977.3333 | G19: =IFERROR(F19/E19,0) -> 0.43640109 | H19: 3.75 | I19: =IF(G19>=100%,H19,IF((G19<100%)*(G19>=95%),H19*0.8,IF((G19<95%)*(G19>=90%),H19*0.6,0))) -> 0
D20: LYSOFORM | E20: =GERAL!J23 -> 2251 | F20: =GERAL!K23 -> 1665.25 | G20: =IFERROR(F20/E20,0) -> 0.73978232 | H20: 3.75 | I20: =IF(G20>=100%,H20,IF((G20<100%)*(G20>=95%),H20*0.8,IF((G20<95%)*(G20>=90%),H20*0.6,0))) -> 0
D21: PATO PASTILHA | E21: =GERAL!J24 -> 4260 | F21: =GERAL!K24 -> 3596.125 | G21: =IFERROR(F21/E21,0) -> 0.8441608 | H21: 3.75 | I21: =IF(G21>=100%,H21,IF((G21<100%)*(G21>=95%),H21*0.8,IF((G21<95%)*(G21>=90%),H21*0.6,0))) -> 0
D22: TOTAL DE PONTOS | H22: =SUM(H4:H21) -> 94.9996 | I22: =SUM(I4:I21) -> 31.5996

Sheet GERAL
F1: ATUALIZADO: | I1: PROJETADO FY: | K1: PROJETADO Q4:
F2: 46191 | I2: =NETWORKDAYS("01/07/2025",F2)/NETWORKDAYS("01/07/2025","30/06/2026") -> 0.96934866 | K2: =NETWORKDAYS("01/04/2026",F2)/NETWORKDAYS("01/04/2026","30/06/2026") -> 0.87692308
B19: EXPANDINDO | I19: PRIORIDADES | O19: GLADE GOTAS
B20: MIX | C20: META | D20: REAL | E20: % | F20: GAP | I20: MIX | J20: META | K20: REAL | L20: % | M20: GAP | O20: MIX | P20: REAL | Q20: REP%
B21: MIX 2 | C21: =EXPANDINDO!C21 -> 4283 | D21: =EXPANDINDO!D21 -> 3970 | E21: =D21/C21 -> 0.92692038 | F21: =D21-C21 -> -313 | I21: RAID LIQUID | J21: =PRIORIDADES!C22 -> 1715 | K21: =PRIORIDADES!D22 -> 1259.1833 | L21: =K21/J21 -> 0.73421769 | M21: =K21-J21 -> -455.81667 | O21: {=[1]META!$P$3:$R$9} -> GLADE GOTAS 120 ML CITRONELA | P21: 170.33333 | Q21: 0.075757014
B22: MIX 7 | C22: =EXPANDINDO!F21 -> 2539 | D22: =EXPANDINDO!G21 -> 2220 | E22: =D22/C22 -> 0.87435998 | F22: =D22-C22 -> -319 | I22: GLADE AEROSSOL | J22: =PRIORIDADES!G22 -> 4531 | K22: =PRIORIDADES!H22 -> 1977.3333 | L22: =K22/J22 -> 0.43640109 | M22: =K22-J22 -> -2553.6667 | O22: GLADE GOTAS 120 ML EUCALIPTO | P22: 137.16667 | Q22: 0.061005893
B23: MIX 17 | C23: =EXPANDINDO!I21 -> 2341 | D23: =EXPANDINDO!J21 -> 1560 | E23: =D23/C23 -> 0.66638189 | F23: =D23-C23 -> -781 | I23: LYSOFORM | J23: =PRIORIDADES!K22 -> 2251 | K23: =PRIORIDADES!L22 -> 1665.25 | L23: =K23/J23 -> 0.73978232 | M23: =K23-J23 -> -585.75 | O23: GLADE GOTAS 120 ML LAVANDA | P23: 662.33333 | Q23: 0.29457767
B24: MIX 28 | C24: =EXPANDINDO!L21 -> 327 | D24: =EXPANDINDO!M21 -> 334 | E24: =D24/C24 -> 1.0214067 | F24: =D24-C24 -> 7 | I24: PATO PASTILHA | J24: =PRIORIDADES!O22 -> 4260 | K24: =PRIORIDADES!P22 -> 3596.125 | L24: =K24/J24 -> 0.8441608 | M24: =K24-J24 -> -663.875 | O24: GLADE GOTAS 120 ML LEMBR INFANCIA | P24: 384.16667 | Q24: 0.17086098
O25: GLADE GOTAS 120 ML SPRAY LAVANDA | P25: 38.25 | Q25: 0.017011971
O26: GLADE GOTAS 120 ML T MACIEZ | P26: 484.16667 | Q26: 0.21533672
O27: GLADE GOTAS 120 ML CHA BRANCO | P27: 372 | Q27: 0.16544976

Sheet LOJA PERFEITA
G1: ATUALIZADO: | I1: PROJETADO FY: | J1: PROJETADO Q4:
G2: =GERAL!$F$2 -> 46191 | I2: =GERAL!I2 -> 0.96934866 | J2: =GERAL!K2 -> 0.87692308
B8: =[2]Geral!E4 -> EQUIPE | C8: =[2]Geral!F4 -> REDE | D8: =[2]Geral!BO4 -> Q4 - ABRIL A JUNHO 2026 | E8: =[2]Geral!BP4 -> 0 | F8: =[2]Geral!BQ4 -> 0 | G8: =[2]Geral!BR4 -> 0 | H8: =[2]Geral!BS4 -> 0 | I8: =[2]Geral!BT4 -> ABRIL | J8: =[2]Geral!BU4 -> 0 | K8: =[2]Geral!BV4 -> 0 | ... W8: =[2]Geral!CH4 -> 0
B9: =[2]Geral!E5 -> 0 | C9: =[2]Geral!F5 -> 0 | D9: =[2]Geral!BO5 -> LOJAS | E9: =[2]Geral!BP5 -> AUDITADA | F9: =[2]Geral!BQ5 -> % | G9: =[2]Geral!BR5 -> GAP | H9: =[2]Geral!BS5 -> MÉDIA | I9: =[2]Geral!BT5 -> LOJAS | J9: =[2]Geral!BU5 -> AUDITADA | K9: =[2]Geral!BV5 -> % | ... W9: =[2]Geral!CH5 -> MÉDIA
B10: =[2]Geral!E6 -> FLP-SUL MC/KA D | C10: =[2]Geral!F6 -> 8 | D10: =[2]Geral!BO6 -> 33 | E10: =[2]Geral!BP6 -> 19 | F10: =[2]Geral!BQ6 -> 0.57575758 | G10: =[2]Geral!BR6 -> -14 | H10: =[2]Geral!BS6 -> 79.3875 | I10: =[2]Geral!BT6 -> 33 | J10: =[2]Geral!BU6 -> 25 | K10: =[2]Geral!BV6 -> 0.75757576 | ... W10: =[2]Geral!CH6 -> 87.28375
B11: =[2]Geral!E7 -> NORTE MC/KA D | C11: =[2]Geral!F7 -> 6 | D11: =[2]Geral!BO7 -> 38 | E11: =[2]Geral!BP7 -> 11 | F11: =[2]Geral!BQ7 -> 0.28947368 | G11: =[2]Geral!BR7 -> -27 | H11: =[2]Geral!BS7 -> 66.031481 | I11: =[2]Geral!BT7 -> 38 | J11: =[2]Geral!BU7 -> 33 | K11: =[2]Geral!BV7 -> 0.86842105 | ... W11: =[2]Geral!CH7 -> 94.782143
B12: =[2]Geral!E8 -> TT | C12: =[2]Geral!F8 -> 14 | D12: =[2]Geral!BO8 -> 71 | E12: =[2]Geral!BP8 -> 30 | F12: =[2]Geral!BQ8 -> 0.42253521 | G12: =[2]Geral!BR8 -> -41 | H12: =[2]Geral!BS8 -> 89.555484 | I12: =[2]Geral!BT8 -> 71 | J12: =[2]Geral!BU8 -> 58 | K12: =[2]Geral!BV8 -> 0.81690141 | ... W12: =[2]Geral!CH8 -> 90.371324

Sheet VOLUME POSITIVACAO
G1: ATUALIZADO: | I1: PROJETADO FY: | J1: PROJETADO Q4:
G2: =GERAL!$F$2 -> 46191 | I2: =GERAL!$I$2 -> 0.96934866 | J2: =GERAL!$K$2 -> 0.87692308
C7: volume | K7: positivação
I8: =[3]Geral!D2 -> EQUIPE | J8: =[3]Geral!E2 -> FY26 | K8: =[3]Geral!F2 -> MAQ + FAT | L8: =[3]Geral!G2 -> GAP Q4 | M8: =[3]Geral!H2 -> %
I9: =[3]Geral!D3 -> FLORIPA D | J9: =[3]Geral!E3 -> 925 | K9: =[3]Geral!F3 -> 1022 | L9: =[3]Geral!G3 -> 97 | M9: =[3]Geral!H3 -> 1.1048649
B10: =[4]GERAL!D2 -> EQUIPE | C10: =[4]GERAL!E2 -> Q4 | D10: =[4]GERAL!F2 -> Q4 | E10: =[4]GERAL!G2 -> GAP | F10: =[4]GERAL!H2 -> % | I10: =[3]Geral!D4 -> FLORIPA M | J10: =[3]Geral!E4 -> 245 | K10: =[3]Geral!F4 -> 132 | L10: =[3]Geral!G4 -> -113 | M10: =[3]Geral!H4 -> 0.53877551
B11: =[4]GERAL!D3 -> FLORIPA D | C11: =[4]GERAL!E3 -> 3621 | D11: =[4]GERAL!F3 -> 2427.1625 | E11: =[4]GERAL!G3 -> -1193.8375 | F11: =[4]GERAL!H3 -> 0.67030171 | I11: =[3]Geral!D5 -> FLP-SUL MC/KA D | J11: =[3]Geral!E5 -> 177 | K11: =[3]Geral!F5 -> 177 | L11: =[3]Geral!G5 -> 0 | M11: =[3]Geral!H5 -> 1
B12: =[4]GERAL!D4 -> FLORIPA M | C12: =[4]GERAL!E4 -> 32 | D12: =[4]GERAL!F4 -> 15.375 | E12: =[4]GERAL!G4 -> -16.625 | F12: =[4]GERAL!H4 -> 0.48046875 | I12: =[3]Geral!D6 -> LITORAL D | J12: =[3]Geral!E6 -> 1131 | K12: =[3]Geral!F6 -> 1254 | L12: =[3]Geral!G6 -> 123 | M12: =[3]Geral!H6 -> 1.1087533
B13: =[4]GERAL!D5 -> FLP-SUL MC/KA D | C13: =[4]GERAL!E5 -> 8135 | D13: =[4]GERAL!F5 -> 5455.4847 | E13: =[4]GERAL!G5 -> -2679.5153 | F13: =[4]GERAL!H5 -> 0.6706189 | I13: =[3]Geral!D7 -> LITORAL M | J13: =[3]Geral!E7 -> 208 | K13: =[3]Geral!F7 -> 107 | L13: =[3]Geral!G7 -> -101 | M13: =[3]Geral!H7 -> 0.51442308
B14: =[4]GERAL!D6 -> LITORAL D | C14: =[4]GERAL!E6 -> 3287 | D14: =[4]GERAL!F6 -> 2680.8708 | E14: =[4]GERAL!G6 -> -606.12917 | F14: =[4]GERAL!H6 -> 0.81559806 | I14: =[3]Geral!D8 -> NORTE D | J14: =[3]Geral!E8 -> 951 | K14: =[3]Geral!F8 -> 1040 | L14: =[3]Geral!G8 -> 89 | M14: =[3]Geral!H8 -> 1.0935857
B15: =[4]GERAL!D7 -> LITORAL M | C15: =[4]GERAL!E7 -> 91 | D15: =[4]GERAL!F7 -> 57.104167 | E15: =[4]GERAL!G7 -> -33.895833 | F15: =[4]GERAL!H7 -> 0.62751832 | I15: =[3]Geral!D9 -> NORTE M | J15: =[3]Geral!E9 -> 87 | K15: =[3]Geral!F9 -> 42 | L15: =[3]Geral!G9 -> -45 | M15: =[3]Geral!H9 -> 0.48275862
B16: =[4]GERAL!D8 -> NORTE D | C16: =[4]GERAL!E8 -> 2630 | D16: =[4]GERAL!F8 -> 1985.3194 | E16: =[4]GERAL!G8 -> -644.68056 | F16: =[4]GERAL!H8 -> 0.75487431 | I16: =[3]Geral!D10 -> NORTE MC/KA D | J16: =[3]Geral!E10 -> 162 | K16: =[3]Geral!F10 -> 165 | L16: =[3]Geral!G10 -> 3 | M16: =[3]Geral!H10 -> 1.0185185
B17: =[4]GERAL!D9 -> NORTE M | C17: =[4]GERAL!E9 -> 26 | D17: =[4]GERAL!F9 -> 24.958333 | E17: =[4]GERAL!G9 -> -1.0416667 | F17: =[4]GERAL!H9 -> 0.9599359 | I17: =[3]Geral!D11 -> SUL D | J17: =[3]Geral!E11 -> 1137 | K17: =[3]Geral!F11 -> 1216 | L17: =[3]Geral!G11 -> 79 | M17: =[3]Geral!H11 -> 1.0694811
B18: =[4]GERAL!D10 -> NORTE MC/KA D | C18: =[4]GERAL!E10 -> 8783 | D18: =[4]GERAL!F10 -> 6615.5556 | E18: =[4]GERAL!G10 -> -2167.4444 | F18: =[4]GERAL!H10 -> 0.75322277 | I18: =[3]Geral!D12 -> SUL M | J18: =[3]Geral!E12 -> 247 | K18: =[3]Geral!F12 -> 124 | L18: =[3]Geral!G12 -> -123 | M18: =[3]Geral!H12 -> 0.50202429
B19: =[4]GERAL!D11 -> SUL D | C19: =[4]GERAL!E11 -> 3003 | D19: =[4]GERAL!F11 -> 2495.1278 | E19: =[4]GERAL!G11 -> -507.87222 | F19: =[4]GERAL!H11 -> 0.83087838 | I19: =[3]Geral!D13 -> VALE D | J19: =[3]Geral!E13 -> 469 | K19: =[3]Geral!F13 -> 467 | L19: =[3]Geral!G13 -> -2 | M19: =[3]Geral!H13 -> 0.99573561
B20: =[4]GERAL!D12 -> SUL M | C20: =[4]GERAL!E12 -> 64 | D20: =[4]GERAL!F12 -> 39.520833 | E20: =[4]GERAL!G12 -> -24.479167 | F20: =[4]GERAL!H12 -> 0.61751302 | I20: =[3]Geral!D14 -> VALE M | J20: =[3]Geral!E14 -> 258 | K20: =[3]Geral!F14 -> 154 | L20: =[3]Geral!G14 -> -104 | M20: =[3]Geral!H14 -> 0.59689922
B21: =[4]GERAL!D13 -> VALE D | C21: =[4]GERAL!E13 -> 800 | D21: =[4]GERAL!F13 -> 571.19583 | E21: =[4]GERAL!G13 -> -228.80417 | F21: =[4]GERAL!H13 -> 0.71399479 | I21: =[3]Geral!D15 -> VENDAS INTERNAS | J21: =[3]Geral!E15 -> 596 | K21: =[3]Geral!F15 -> 325 | L21: =[3]Geral!G15 -> -271 | M21: =[3]Geral!H15 -> 0.54530201
B22: =[4]GERAL!D14 -> VALE M | C22: =[4]GERAL!E14 -> 100 | D22: =[4]GERAL!F14 -> 70.7875 | E22: =[4]GERAL!G14 -> -29.2125 | F22: =[4]GERAL!H14 -> 0.707875 | I22: =[3]Geral!D16 -> Total Geral | J22: =[3]Geral!E16 -> 6593 | K22: =[3]Geral!F16 -> 6225 | L22: =[3]Geral!G16 -> -368 | M22: =[3]Geral!H16 -> 0.94418322
B23: =[4]GERAL!D15 -> VENDAS INTERNAS | C23: =[4]GERAL!E15 -> 1194 | D23: =[4]GERAL!F15 -> 938.57917 | E23: =[4]GERAL!G15 -> -255.42083 | F23: =[4]GERAL!H15 -> 0.7860797
B24: =[4]GERAL!D16 -> Total Geral | C24: =[4]GERAL!E16 -> 31766 | D24: =[4]GERAL!F16 -> 23377.042 | E24: =[4]GERAL!G16 -> -8388.9583 | F24: =[4]GERAL!H16 -> 0.73591392
B27: =[5]Geral!E3 -> EQUIPE | C27: =[5]Geral!F3 -> REDE | D27: =[5]Geral!BR3 -> Q4 - ABRIL A JUNHO | E27: =[5]Geral!BS3 -> 0 | F27: =[5]Geral!BT3 -> 0 | G27: =[5]Geral!BU3 -> 0 | H27: =[5]Geral!BV3 -> 0 | I27: =[5]Geral!BW3 -> 0 | J27: =[5]Geral!BX3 -> 0 | K27: =[5]Geral!BY3 -> 0 | ... W27: =[5]Geral!CK3 -> 0
B28: =[5]Geral!E4 -> 0 | C28: =[5]Geral!F4 -> 0 | D28: =[5]Geral!BR4 -> HIST | E28: =[5]Geral!BS4 -> META | F28: =[5]Geral!BT4 -> FAT | G28: =[5]Geral!BU4 -> BONIF | H28: =[5]Geral!BV4 -> MÁQ | I28: =[5]Geral!BW4 -> % META | J28: =[5]Geral!BX4 -> % HIST | K28: =[5]Geral!BY4 -> GAP META | ... W28: =[5]Geral!CK4 -> MÁQ
B29: =[5]Geral!E5 -> FLP-SUL MC/KA D | C29: =[5]Geral!F5 -> 8 | D29: =[5]Geral!BR5 -> 1380.273 | E29: =[5]Geral!BS5 -> 4311 | F29: =[5]Geral!BT5 -> 1604.081 | G29: =[5]Geral!BU5 -> 584 | H29: =[5]Geral!BV5 -> 61.333 | I29: =[5]Geral!BW5 -> 0.52178474 | J29: =[5]Geral!BX5 -> 0.62968775 | K29: =[5]Geral!BY5 -> 2061.586 | ... W29: =[5]Geral!CK5 -> 584
B30: =[5]Geral!E6 -> NORTE MC/KA D | C30: =[5]Geral!F6 -> 6 | D30: =[5]Geral!BR6 -> 3588.429 | E30: =[5]Geral!BS6 -> 6546 | F30: =[5]Geral!BT6 -> 3163.876 | G30: =[5]Geral!BU6 -> 257 | H30: =[5]Geral!BV6 -> 92.417 | I30: =[5]Geral!BW6 -> 0.53670837 | J30: =[5]Geral!BX6 -> -0.020938411 | K30: =[5]Geral!BY6 -> 3032.707 | ... W30: =[5]Geral!CK6 -> 257
A31: =F31+G31+H31 -> 5762.707 | B31: =[5]Geral!E7 | C31: =[5]Geral!F7 -> 14 | D31: =[5]Geral!BR7 -> 4968.702 | E31: =[5]Geral!BS7 -> 10857 | F31: =[5]Geral!BT7 -> 4767.957 | G31: =[5]Geral!BU7 -> 841 | H31: =[5]Geral!BV7 -> 153.75 | I31: =[5]Geral!BW7 -> 0.53078263 | J31: =[5]Geral!BX7 -> 0.15980129 | K31: =[5]Geral!BY7 -> 5094.293 | ... W31: =[5]Geral!CK7 -> 841

Sheet EXPANDINDO
E1: ATUALIZADO: | H1: PROJETADO FY: | J1: PROJETADO Q4:
E2: =GERAL!$F$2 -> 46191 | H2: =GERAL!I2 -> 0.96934866 | J2: ='LOJA PERFEITA'!$J$2 -> 0.87692308
B7: =[6]GERAL!E3 -> EQUIPE | C7: =[6]GERAL!F3 -> META FY 2 | D7: =[6]GERAL!G3 -> MIX 2 | E7: =[6]GERAL!H3 -> 2% | F7: =[6]GERAL!I3 -> META FY 7 | G7: =[6]GERAL!J3 -> MIX 7 | H7: =[6]GERAL!K3 -> 7% | I7: =[6]GERAL!L3 -> META FY 17 | ... N7: =[6]GERAL!Q3 -> 28%
B8: =[6]GERAL!E4 -> FLORIPA D | C8: =[6]GERAL!F4 -> 732 | D8: =[6]GERAL!G4 -> 690 | E8: =[6]GERAL!H4 -> 0.94262295 | F8: =[6]GERAL!I4 -> 424 | G8: =[6]GERAL!J4 -> 314 | H8: =[6]GERAL!K4 -> 0.74056604 | I8: =[6]GERAL!L4 -> 413 | ... N8: =[6]GERAL!Q4 -> 0.37037037
B9: =[6]GERAL!E5 -> FLORIPA M | C9: =[6]GERAL!F5 -> 57 | D9: =[6]GERAL!G5 -> 7 | E9: =[6]GERAL!H5 -> 0.12280702 | F9: =[6]GERAL!I5 -> 1 | G9: =[6]GERAL!J5 -> 0 | H9: =[6]GERAL!K5 -> 0 | I9: =[6]GERAL!L5 -> 1 | ... N9: =[6]GERAL!Q5 -> 0
B10: =[6]GERAL!E6 -> FLP-SUL MC/KA D | C10: =[6]GERAL!F6 -> 85 | D10: =[6]GERAL!G6 -> 143 | E10: =[6]GERAL!H6 -> 1.6823529 | F10: =[6]GERAL!I6 -> 132 | G10: =[6]GERAL!J6 -> 118 | H10: =[6]GERAL!K6 -> 0.89393939 | I10: =[6]GERAL!L6 -> 124 | ... N10: =[6]GERAL!Q6 -> 1.0283019
B11: =[6]GERAL!E7 -> LITORAL D | C11: =[6]GERAL!F7 -> 811 | D11: =[6]GERAL!G7 -> 925 | E11: =[6]GERAL!H7 -> 1.1405672 | F11: =[6]GERAL!I7 -> 534 | G11: =[6]GERAL!J7 -> 514 | H11: =[6]GERAL!K7 -> 0.96254682 | I11: =[6]GERAL!L7 -> 505 | ... N11: =[6]GERAL!Q7 -> 1.3125
B12: =[6]GERAL!E8 -> LITORAL M | C12: =[6]GERAL!F8 -> 94 | D12: =[6]GERAL!G8 -> 29 | E12: =[6]GERAL!H8 -> 0.30851064 | F12: =[6]GERAL!I8 -> 7 | G12: =[6]GERAL!J8 -> 0 | H12: =[6]GERAL!K8 -> 0 | I12: =[6]GERAL!L8 -> 7 | ... N12: =[6]GERAL!Q8 -> 0
B13: =[6]GERAL!E9 -> NORTE D | C13: =[6]GERAL!F9 -> 841 | D13: =[6]GERAL!G9 -> 771 | E13: =[6]GERAL!H9 -> 0.91676576 | F13: =[6]GERAL!I9 -> 501 | G13: =[6]GERAL!J9 -> 433 | H13: =[6]GERAL!K9 -> 0.86427146 | I13: =[6]GERAL!L9 -> 387 | ... N13: =[6]GERAL!Q9 -> 1.0454545
B14: =[6]GERAL!E10 -> NORTE M | C14: =[6]GERAL!F10 -> 33 | D14: =[6]GERAL!G10 -> 5 | E14: =[6]GERAL!H10 -> 0.15151515 | F14: =[6]GERAL!I10 -> 2 | G14: =[6]GERAL!J10 -> 0 | H14: =[6]GERAL!K10 -> 0 | I14: =[6]GERAL!L10 -> 1 | ... N14: =[6]GERAL!Q10 -> 0
B15: =[6]GERAL!E11 -> NORTE MC/KA D | C15: =[6]GERAL!F11 -> 87 | D15: =[6]GERAL!G11 -> 144 | E15: =[6]GERAL!H11 -> 1.6551724 | F15: =[6]GERAL!I11 -> 99 | G15: =[6]GERAL!J11 -> 125 | H15: =[6]GERAL!K11 -> 1.2626263 | I15: =[6]GERAL!L11 -> 91 | ... N15: =[6]GERAL!Q11 -> 1.212766
B16: =[6]GERAL!E12 -> SUL D | C16: =[6]GERAL!F12 -> 973 | D16: =[6]GERAL!G12 -> 911 | E16: =[6]GERAL!H12 -> 0.93627955 | F16: =[6]GERAL!I12 -> 544 | G16: =[6]GERAL!J12 -> 512 | H16: =[6]GERAL!K12 -> 0.94117647 | I16: =[6]GERAL!L12 -> 527 | ... N16: =[6]GERAL!Q12 -> 1.0606061
B17: =[6]GERAL!E13 -> SUL M | C17: =[6]GERAL!F13 -> 81 | D17: =[6]GERAL!G13 -> 10 | E17: =[6]GERAL!H13 -> 0.12345679 | F17: =[6]GERAL!I13 -> 6 | G17: =[6]GERAL!J13 -> 1 | H17: =[6]GERAL!K13 -> 0.16666667 | I17: =[6]GERAL!L13 -> 5 | ... N17: =[6]GERAL!Q13 -> 0
B18: =[6]GERAL!E14 -> VALE D | C18: =[6]GERAL!F14 -> 339 | D18: =[6]GERAL!G14 -> 317 | E18: =[6]GERAL!H14 -> 0.93510324 | F18: =[6]GERAL!I14 -> 275 | G18: =[6]GERAL!J14 -> 203 | H18: =[6]GERAL!K14 -> 0.73818182 | I18: =[6]GERAL!L14 -> 266 | ... N18: =[6]GERAL!Q14 -> 0.076923077
... B21: =[6]GERAL!E17 -> Total Geral | C21: =[6]GERAL!F17 -> 4283 | D21: =[6]GERAL!G17 -> 3970 | E21: =[6]GERAL!H17 -> 0.92692038 | F21: =[6]GERAL!I17 -> 2539 | G21: =[6]GERAL!J17 -> 2220 | H21: =[6]GERAL!K17 -> 0.87435998 | I21: =[6]GERAL!L17 -> 2341 | ... N21: =[6]GERAL!Q17 -> 1.0214067

Sheet PRIORIDADES
G1: ATUALIZADO: | I1: PROJETADO FY: | K1: PROJETADO Q4:
G2: =GERAL!$F$2 -> 46191 | I2: =GERAL!I2 -> 0.96934866 | K2: =GERAL!K2 -> 0.87692308
B8: =[7]GERAL!D2 -> EQUIPE | C8: =[7]GERAL!E2 -> RAID LIQ ELETRICO | D8: =[7]GERAL!F2 -> FAT +MAQ | E8: =[7]GERAL!G2 -> GAP | F8: =[7]GERAL!H2 -> %RAID | G8: =[7]GERAL!I2 -> GLADE AEROSSOL | H8: =[7]GERAL!J2 -> FAT+MAQ | I8: =[7]GERAL!K2 -> GAP | ... R8: =[7]GERAL!T2 -> %PATO
B9: =[7]GERAL!D3 -> FLORIPA D | C9: =[7]GERAL!E3 -> 162 | D9: =[7]GERAL!F3 -> 109.55833 | E9: =[7]GERAL!G3 -> -52.441667 | F9: =[7]GERAL!H3 -> 0.67628601 | G9: =[7]GERAL!I3 -> 512 | H9: =[7]GERAL!J3 -> 326.25 | I9: =[7]GERAL!K3 -> -185.75 | ... N9: =[7]GERAL!P3 -> 0.5563447 | O9: =[7]GERAL!Q4 -> 1 | P9: =[7]GERAL!R3 -> 486.5 | Q9: =[7]GERAL!S3 -> -19.5 | R9: =[7]GERAL!T3 -> 0.96146245
B10: =[7]GERAL!D4 -> FLORIPA M | C10: =[7]GERAL!E4 -> 1 | D10: =[7]GERAL!F4 -> 0 | E10: =[7]GERAL!G4 -> -1 | F10: =[7]GERAL!H4 -> 0 | G10: =[7]GERAL!I4 -> 5 | H10: =[7]GERAL!J4 -> 1.25 | I10: =[7]GERAL!K4 -> -3.75 | ... R10: =[7]GERAL!T4 -> 0.375
B11: =[7]GERAL!D5 -> FLP-SUL MC/KA D | C11: =[7]GERAL!E5 -> 479 | D11: =[7]GERAL!F5 -> 284.14167 | E11: =[7]GERAL!G5 -> -194.85833 | F11: =[7]GERAL!H5 -> 0.59319763 | G11: =[7]GERAL!I5 -> 1090 | H11: =[7]GERAL!J5 -> 443.75 | I11: =[7]GERAL!K5 -> -646.25 | ... R11: =[7]GERAL!T5 -> 0.58144064
B12: =[7]GERAL!D6 -> LITORAL D | C12: =[7]GERAL!E6 -> 189 | D12: =[7]GERAL!F6 -> 130.25833 | E12: =[7]GERAL!G6 -> -58.741667 | F12: =[7]GERAL!H6 -> 0.68919753 | G12: =[7]GERAL!I6 -> 505 | H12: =[7]GERAL!J6 -> 243.25 | I12: =[7]GERAL!K6 -> -261.75 | ... R12: =[7]GERAL!T6 -> 1.1595528
B13: =[7]GERAL!D7 -> LITORAL M | C13: =[7]GERAL!E7 -> 3 | D13: =[7]GERAL!F7 -> 1.9166667 | E13: =[7]GERAL!G7 -> -1.0833333 | F13: =[7]GERAL!H7 -> 0.63888889 | G13: =[7]GERAL!I7 -> 12 | H13: =[7]GERAL!J7 -> 4 | I13: =[7]GERAL!K7 -> -8 | ... R13: =[7]GERAL!T7 -> 0.54166667
B14: =[7]GERAL!D8 -> NORTE D | C14: =[7]GERAL!E8 -> 176 | D14: =[7]GERAL!F8 -> 143.8 | E14: =[7]GERAL!G8 -> -32.2 | F14: =[7]GERAL!H8 -> 0.81704545 | G14: =[7]GERAL!I8 -> 395 | H14: =[7]GERAL!J8 -> 168 | I14: =[7]GERAL!K8 -> -227 | ... R14: =[7]GERAL!T8 -> 0.77254098
B15: =[7]GERAL!D9 -> NORTE M | C15: =[7]GERAL!E9 -> 1 | D15: =[7]GERAL!F9 -> 0 | E15: =[7]GERAL!G9 -> -1 | F15: =[7]GERAL!H9 -> 0 | G15: =[7]GERAL!I9 -> 8 | H15: =[7]GERAL!J9 -> 8.5 | I15: =[7]GERAL!K9 -> 0.5 | ... R15: =[7]GERAL!T9 -> 0.625
B16: =[7]GERAL!D10 -> NORTE MC/KA D | C16: =[7]GERAL!E10 -> 494 | D16: =[7]GERAL!F10 -> 450.15 | E16: =[7]GERAL!G10 -> -43.85 | F16: =[7]GERAL!H10 -> 0.91123482 | G16: =[7]GERAL!I10 -> 1091 | H16: =[7]GERAL!J10 -> 357.66667 | I16: =[7]GERAL!K10 -> -733.33333 | ... R16: =[7]GERAL!T10 -> 1.2095484
B17: =[7]GERAL!D11 -> SUL D | C17: =[7]GERAL!E11 -> 151 | D17: =[7]GERAL!F11 -> 94.208333 | E17: =[7]GERAL!G11 -> -56.791667 | F17: =[7]GERAL!H11 -> 0.62389625 | G17: =[7]GERAL!I11 -> 473 | H17: =[7]GERAL!J11 -> 292.58333 | I17: =[7]GERAL!K11 -> -180.41667 | ... R17: =[7]GERAL!T11 -> 0.84669811
B18: =[7]GERAL!D12 -> SUL M | C18: =[7]GERAL!E12 -> 2 | D18: =[7]GERAL!F12 -> 0.71666667 | E18: =[7]GERAL!G12 -> -1.2833333 | F18: =[7]GERAL!H12 -> 0.35833333 | G18: =[7]GERAL!I12 -> 23 | H18: =[7]GERAL!J12 -> 7 | I18: =[7]GERAL!K12 -> -16 | ... R18: =[7]GERAL!T12 -> 0.75
B19: =[7]GERAL!D13 -> VALE D | C19: =[7]GERAL!E13 -> 38 | D19: =[7]GERAL!F13 -> 25.333333 | E19: =[7]GERAL!G13 -> -12.666667 | F19: =[7]GERAL!H13 -> 0.66666667 | G19: =[7]GERAL!I13 -> 159 | H19: =[7]GERAL!J13 -> 54.583333 | I19: =[7]GERAL!K13 -> -104.41667 | ... R19: =[7]GERAL!T13 -> 0.88541667
B20: =[7]GERAL!D14 -> VALE M | C20: =[7]GERAL!E14 -> 1 | D20: =[7]GERAL!F14 -> 1.4333333 | E20: =[7]GERAL!G14 -> 0.43333333 | F20: =[7]GERAL!H14 -> 1.4333333 | G20: =[7]GERAL!I14 -> 9 | H20: =[7]GERAL!J14 -> 6 | I20: =[7]GERAL!K14 -> -3 | ... R20: =[7]GERAL!T14 -> 0.59659091
B21: =[7]GERAL!D15 -> VENDAS INTERNAS | C21: =[7]GERAL!E15 -> 18 | D21: =[7]GERAL!F15 -> 17.666667 | E21: =[7]GERAL!G15 -> -0.33333333 | F21: =[7]GERAL!H15 -> 0.98148148 | G21: =[7]GERAL!I15 -> 249 | H21: =[7]GERAL!J15 -> 64.5 | I21: =[7]GERAL!K15 -> -184.5 | ... R21: =[7]GERAL!T15 -> 0.69759825
B22: =[7]GERAL!D16 -> Total Geral | C22: =[7]GERAL!E16 -> 1715 | D22: =[7]GERAL!F16 -> 1259.1833 | E22: =[7]GERAL!G16 -> -455.81667 | F22: =[7]GERAL!H16 -> 0.73421769 | G22: =[7]GERAL!I16 -> 4531 | H22: =[7]GERAL!J16 -> 1977.3333 | I22: =[7]GERAL!K16 -> -2553.6667 | ... R22: =[7]GERAL!T16 -> 0.8441608

Sheet LANÇAMENTOS
F1: ATUALIZADO: | H1: PROJETADO FY: | J1: PROJETADO Q4:
F2: =GERAL!$F$2 -> 46191 | H2: =GERAL!I2 -> 0.96934866 | J2: =GERAL!K2 -> 0.87692308
C8: =[1]GERAL!C3 -> 0 | D8: =[1]GERAL!D3 -> ' | E8: =[1]GERAL!E3 -> 0 | F8: =[1]GERAL!F3 -> 0 | G8: =[1]GERAL!G3 -> 0 | H8: =[1]GERAL!H3 -> 0 | I8: =[1]GERAL!I3 -> 0 | J8: =[1]GERAL!J3 -> 0 | ... S8: =[1]GERAL!S3 -> 0
C9: =[1]GERAL!C4 -> 0 | D9: =[1]GERAL!D4 -> ABRIL | E9: =[1]GERAL!E4 -> 0 | F9: =[1]GERAL!F4 -> 0 | G9: =[1]GERAL!G4 -> 0 | H9: =[1]GERAL!H4 -> MAIO | I9: =[1]GERAL!I4 -> 0 | J9: =[1]GERAL!J4 -> 0 | ... S9: =[1]GERAL!S4 -> Total %
C10: =[1]GERAL!C5 -> EQUIPE | D10: =[1]GERAL!D5 -> Metas | E10: =[1]GERAL!E5 -> META | F10: =[1]GERAL!F5 -> CX | G10: =[1]GERAL!G5 -> % | H10: =[1]GERAL!H5 -> Metas | I10: =[1]GERAL!I5 -> META | J10: =[1]GERAL!J5 -> CX | ... S10: =[1]GERAL!S5 -> 0
C11: =[1]GERAL!C6 -> FLORIPA D | D11: =[1]GERAL!D6 -> 15.333333 | E11: =[1]GERAL!E6 -> 46 | F11: =[1]GERAL!F6 -> 21.25 | G11: =[1]GERAL!G6 -> 0.46195652 | H11: =[1]GERAL!H6 -> 15.333333 | I11: =[1]GERAL!I6 -> 46 | J11: =[1]GERAL!J6 -> 141.5 | ... S11: =[1]GERAL!S6 -> 3.8695652
C12: =[1]GERAL!C7 -> FLP-SUL MC/KA D | D12: =[1]GERAL!D7 -> 94.333333 | E12: =[1]GERAL!E7 -> 283 | F12: =[1]GERAL!F7 -> 57.166667 | G12: =[1]GERAL!G7 -> 0.20200236 | H12: =[1]GERAL!H7 -> 94.333333 | I12: =[1]GERAL!I7 -> 283 | J12: =[1]GERAL!J7 -> 82.166667 | ... S12: =[1]GERAL!S7 -> 1.1292697
C13: =[1]GERAL!C8 -> LITORAL D | D13: =[1]GERAL!D8 -> 39.666667 | E13: =[1]GERAL!E8 -> 119 | F13: =[1]GERAL!F8 -> 45.75 | G13: =[1]GERAL!G8 -> 0.38445378 | H13: =[1]GERAL!H8 -> 39.666667 | I13: =[1]GERAL!I8 -> 119 | J13: =[1]GERAL!J8 -> 213 | ... S13: =[1]GERAL!S8 -> 2.7941176
C14: =[1]GERAL!C9 -> NORTE D | D14: =[1]GERAL!D9 -> 34.666667 | E14: =[1]GERAL!E9 -> 104 | F14: =[1]GERAL!F9 -> 38 | G14: =[1]GERAL!G9 -> 0.36538462 | H14: =[1]GERAL!H9 -> 34.666667 | I14: =[1]GERAL!I9 -> 104 | J14: =[1]GERAL!J9 -> 271 | ... S14: =[1]GERAL!S9 -> 3.3004808
C15: =[1]GERAL!C10 -> NORTE MC/KA D | D15: =[1]GERAL!D10 -> 120.66667 | E15: =[1]GERAL!E10 -> 362 | F15: =[1]GERAL!F10 -> 97.5 | G15: =[1]GERAL!G10 -> 0.26933702 | H15: =[1]GERAL!H10 -> 120.66667 | I15: =[1]GERAL!I10 -> 362 | J15: =[1]GERAL!J10 -> 158 | ... S15: =[1]GERAL!S10 -> 0.99447514
C16: =[1]GERAL!C11 -> SUL D | D16: =[1]GERAL!D11 -> 29.333333 | E16: =[1]GERAL!E11 -> 88 | F16: =[1]GERAL!F11 -> 27.25 | G16: =[1]GERAL!G11 -> 0.30965909 | H16: =[1]GERAL!H11 -> 29.333333 | I16: =[1]GERAL!I11 -> 88 | J16: =[1]GERAL!J11 -> 358.75 | ... S16: =[1]GERAL!S11 -> 4.9261364
C17: =[1]GERAL!C12 -> VALE D | D17: =[1]GERAL!D12 -> 9.3333333 | E17: =[1]GERAL!E12 -> 28 | F17: =[1]GERAL!F12 -> 9.5 | G17: =[1]GERAL!G12 -> 0.33928571 | H17: =[1]GERAL!H12 -> 9.3333333 | I17: =[1]GERAL!I12 -> 28 | J17: =[1]GERAL!J12 -> 44.75 | ... S17: =[1]GERAL!S12 -> 2.25
C18: =[1]GERAL!C13 -> DMULLER | D18: =[1]GERAL!D13 -> 0 | E18: =[1]GERAL!E13 -> 0 | F18: =[1]GERAL!F13 -> 4 | G18: =[1]GERAL!G13 -> 0 | H18: =[1]GERAL!H13 -> 0 | I18: =[1]GERAL!I13 -> 0 | J18: =[1]GERAL!J13 -> 4.8333333 | ... S18: =[1]GERAL!S13 -> 0
C19: =[1]GERAL!C14 -> Total Geral | D19: =[1]GERAL!D14 -> 343.33333 | E19: =[1]GERAL!E14 -> 1030 | F19: =[1]GERAL!F14 -> 300.41667 | G19: =[1]GERAL!G14 -> 0.29166667 | H19: =[1]GERAL!H14 -> 343.33333 | I19: =[1]GERAL!I14 -> 1030 | J19: =[1]GERAL!J14 -> 1274 | ... S19: =[1]GERAL!S14 -> 2.1829288 | T19: =R19-Q19 -> 1218.4167
